node_names,edges,0,1,2,3,4,5,6,7
xx_0,0.0031784386,0.010101251,0.017469196,0.014691431,0.021917053,0.018621499,0.027406722,0.022424225,0.033015307
xx_1,0.0079262415,0.009804784,0.017451923,0.01474895,0.021547843,0.019027574,0.02676467,0.023046156,0.03209743
Parnassius_apollo,0.002149,0.01017908,0.017478267,0.014672374,0.022016456,0.018512256,0.02757651,0.02226005,0.03326198
xx_2,0.012753859,0.008784503,0.016738802,0.013741252,0.020746522,0.018245654,0.025721977,0.022629943,0.030997898
Parnassius_smintheus,0.004079,0.010109431,0.01766123,0.015074077,0.021792086,0.019264067,0.02709604,0.0231899,0.03246034
xx_3,0.018691821,0.00952357,0.014255959,0.0144859,0.018448526,0.018948482,0.024360863,0.022864062,0.030728953
xx_4,0.006609423,0.008487511,0.017585205,0.013479608,0.021583969,0.018025184,0.026258968,0.02254541,0.031130016
xx_5,0.014334772,0.00944623,0.018189296,0.012299057,0.021942966,0.014893768,0.027452314,0.017956888,0.03397551
xx_6,0.008121809,0.009206113,0.012056351,0.0155486,0.016637037,0.020971883,0.022756731,0.025788166,0.02930371
Parnassius_glacialis,0.005117,0.007768213,0.017985351,0.0127856415,0.022489864,0.017285688,0.027646277,0.021851467,0.033024643
Parnassius_mnemosyne,0.00541,0.009243657,0.017079206,0.01423793,0.020523658,0.018850056,0.024654329,0.023352044,0.029116347
xx_7,0.022534879,0.0120380325,0.027926313,0.014597872,0.031614836,0.016589811,0.03555206,0.019043472,0.03986864
xx_8,0.01274276,0.0075203087,0.012223342,0.011195539,0.017406054,0.01451397,0.024552854,0.017817905,0.031825054
xx_9,0.017760152,0.008135124,0.008873196,0.0124805905,0.013089869,0.017140552,0.019440807,0.021976912,0.026227713
Luehdorfia_japonica,0.003621,0.009310578,0.012575922,0.01607874,0.01719276,0.02168817,0.023358077,0.026584683,0.029976025
xx_10,0.013948486,0.0091797095,0.029093599,0.011907499,0.033323646,0.0139798215,0.038223974,0.016272318,0.042893082
xx_11,0.014292831,0.014907706,0.02625718,0.017457122,0.029280936,0.019730072,0.032774214,0.022204975,0.037039775
xx_12,0.01402147,0.0071207928,0.015019135,0.0111513045,0.020198466,0.01460638,0.026707731,0.01789743,0.0333788
xx_13,0.023634955,0.007898124,0.0070120315,0.011334987,0.0128747495,0.014525908,0.021461563,0.01784403,0.029613424
Sericinus_montela,0.01824,0.005236083,-0.0028827337,0.011076231,0.005041112,0.016135667,0.013790131,0.020680586,0.022539603
Zerynthia_polyxena,0.012627,0.008912028,0.015742546,0.013964974,0.01989573,0.018729895,0.024761157,0.023490265,0.029826174
xx_14,0.016908102,0.005957505,0.027254151,0.008715226,0.03150873,0.01137854,0.03622427,0.014147411,0.040699672
xx_15,0.018104801,0.012496188,0.030557431,0.0151510695,0.0352367,0.017002184,0.0404114,0.01865577,0.045777548
xx_16,0.0121047115,0.014179391,0.025157794,0.016717436,0.028315278,0.018878292,0.032190334,0.021193974,0.036715392
xx_17,0.03865789,0.017218418,0.029986713,0.020184457,0.03205458,0.022804312,0.035494357,0.025848368,0.038195428
xx_18,0.015395324,0.0075073927,0.016573159,0.011355672,0.021942364,0.014543909,0.02857534,0.017863296,0.035400145
xx_19,0.019391524,0.0065084524,0.012899578,0.010889024,0.017884344,0.014695063,0.024329051,0.01805235,0.030977465
xx_20,0.02049447,0.007165649,0.011782328,0.010486147,0.017239787,0.013256886,0.025219152,0.015975796,0.03320798
xx_21,0.023043493,0.008298739,0.0011374877,0.012314517,0.008552548,0.015832359,0.017557746,0.020172818,0.02634878
xx_22,0.016006667,0.006319408,0.026904926,0.009004446,0.03127875,0.011570155,0.036001585,0.014323068,0.040345833
xx_23,0.029552504,0.0052437796,0.027842134,0.008281153,0.032009307,0.010932862,0.036554996,0.0138778,0.04138958
xx_24,0.010011032,0.012878547,0.024904255,0.01567603,0.029153602,0.017768,0.034753747,0.019783247,0.040346485
Choaspes_benjaminii,0.013212,0.011343792,0.0360928,0.014337819,0.04185751,0.016409185,0.04807069,0.0177894,0.054589532
xx_25,0.01224569,0.014464828,0.020726517,0.01707103,0.02409704,0.019425897,0.028611833,0.021834305,0.03334084
xx_26,0.019265939,0.012989389,0.031646546,0.016074155,0.034734014,0.018120214,0.03886973,0.020689461,0.043158963
xx_27,0.0084499195,0.015875816,0.031463746,0.01909836,0.03327413,0.022009823,0.03610627,0.02506659,0.038457036
Zygaena_exulans,0.008789,0.018618612,0.02827232,0.021212976,0.031059274,0.023643773,0.03464399,0.026639225,0.03809563
xx_28,0.017690785,0.0068848934,0.019278944,0.010816594,0.02393495,0.0143629275,0.029776879,0.018251762,0.035996217
xx_29,0.021396238,0.0081390515,0.013202697,0.012004912,0.019865924,0.01481217,0.027334219,0.017388573,0.034749854
xx_30,0.011936702,0.00636136,0.013767785,0.010115071,0.01913161,0.013519641,0.025609825,0.0166673,0.032412883
xx_31,0.015671132,0.0066387174,0.011704228,0.011833853,0.016160032,0.016220113,0.022635201,0.019960832,0.02922838
xx_32,0.016004445,0.00746206,0.018524585,0.010234672,0.024250599,0.012116073,0.031273294,0.014219364,0.038221493
Graphium_androcles,0.016521,0.006027924,0.0036929282,0.010974025,0.011071778,0.014467832,0.020312734,0.018106423,0.029555844
xx_33,0.026407398,0.0070892777,-0.005274729,0.011663083,0.0038366425,0.0151555585,0.0140932575,0.019720977,0.023884512
Iphiclides_podalirius,0.023367,0.008884113,0.0058633224,0.0131606525,0.013294721,0.016637135,0.021191977,0.020733021,0.028951716
xx_34,0.014640063,0.005125826,0.027112296,0.00761048,0.03158298,0.009859552,0.036285527,0.012564837,0.04051595
xx_35,0.02644861,0.008388318,0.026355801,0.011403486,0.030608092,0.014622907,0.035519153,0.01765168,0.040250357
xx_36,0.019707281,0.0053341966,0.030705035,0.00847582,0.03478797,0.011026394,0.03940894,0.014056387,0.044192486
xx_37,0.047542892,0.0045068627,0.020100594,0.0074999006,0.025127202,0.010947012,0.030208597,0.014016804,0.035543
xx_38,0.00861901,0.012859036,0.02427607,0.015483246,0.02882305,0.017512903,0.034624532,0.019468721,0.040434804
xx_39,0.012775175,0.012920555,0.025856681,0.015953809,0.029675124,0.018162943,0.0349278,0.020249192,0.040218476
xx_40,0.010478019,0.016041292,0.022835786,0.01859767,0.026239933,0.020733261,0.030364417,0.023063498,0.034762077
xx_41,0.020258985,0.01106745,0.0163064,0.014533635,0.020141182,0.01717459,0.025784923,0.019845389,0.031141376
xx_42,0.017604642,0.012257553,0.028459003,0.015318785,0.031779133,0.017142437,0.036626596,0.019551216,0.04130482
xx_43,0.025825372,0.013941138,0.036150306,0.017021038,0.03909012,0.020079264,0.04269716,0.02252686,0.0464125
Zygaena_viciae,0.001272,0.01546241,0.030353814,0.018435676,0.032691464,0.021423442,0.034954026,0.024379361,0.037265386
Zygaena_filipendulae,0.001252,0.0163301,0.03245106,0.019639548,0.034015432,0.02262071,0.036956493,0.025661947,0.039691053
xx_44,0.018258337,0.006351819,0.016905835,0.010385389,0.021415193,0.014243836,0.027507577,0.018144079,0.033934504
xx_45,0.020269003,0.007324386,0.021782482,0.011269524,0.026597291,0.0145654995,0.032575358,0.018510269,0.038516663
Teinopalpus_imperialis,0.019424,0.0082875155,0.015107313,0.012789498,0.021645935,0.016125407,0.02919374,0.019493192,0.036789734
Meandrusa_payeni,0.02129,0.007879285,0.010900477,0.011091663,0.017699536,0.0132754715,0.025106277,0.015074359,0.03264336
Papilio_gigon,0.014574,0.006124534,0.014847479,0.009705832,0.020977793,0.012975221,0.027885383,0.016020145,0.03471529
xx_46,0.008145879,0.0064832703,0.01308602,0.010299104,0.018085621,0.013823078,0.024349773,0.017050147,0.03126806
xx_47,0.013876038,0.006963616,0.010484289,0.010670216,0.01564405,0.014086088,0.022534912,0.017456505,0.02928945
Papilio_aristodemus,0.013189,0.006296533,0.012860955,0.012816461,0.016417623,0.018078381,0.022632895,0.022326572,0.029289383
xx_48,0.017024558,0.008167784,0.023740917,0.010642839,0.02941476,0.012525935,0.035515264,0.014445743,0.041457165
Graphium_cloanthus,0.016025,0.006536566,0.013212232,0.01004465,0.020065857,0.011866705,0.028242737,0.014208698,0.035896637
Lamproptera_curius,0.014687,0.007018292,-0.003065718,0.011833482,0.005803281,0.0154447695,0.015669605,0.019630032,0.025213279
Lamproptera_meges,0.013419,0.0071036736,-0.007336958,0.011536456,0.0021594483,0.014912028,0.0127884215,0.019830052,0.022768477
xx_49,0.01055559,0.0054823095,0.028742546,0.008007334,0.033705343,0.010232666,0.03868153,0.012866471,0.043978203
xx_50,0.023446057,0.004074434,0.022797449,0.0066924514,0.026172873,0.009219798,0.029966893,0.011962751,0.032909755
xx_51,0.025657304,0.008227882,0.027901897,0.011490541,0.031892102,0.014783821,0.036647677,0.018378869,0.04103212
xx_52,0.020316144,0.008419025,0.02515393,0.011454419,0.029530419,0.014398844,0.034761406,0.017156526,0.03960472
xx_53,0.022985391,0.0052626333,0.03573131,0.00810717,0.040086687,0.010481184,0.045043495,0.013278411,0.049853593
xx_54,0.01758257,0.005056525,0.02640008,0.008482041,0.030585375,0.011695516,0.035589155,0.01494395,0.04053384
Leptidea_sinapis,0.003466,0.004089548,0.01876358,0.007348028,0.023382675,0.010781153,0.02846208,0.014560672,0.033413406
Leptidea_juvernica,0.001966,0.0047327154,0.020817336,0.007580223,0.02610837,0.011050317,0.031208964,0.013709139,0.03674769
xx_55,0.009865733,0.012208935,0.024591738,0.014640052,0.02926461,0.01612256,0.03553034,0.017776432,0.041593034
xx_56,0.011522682,0.013575058,0.023850704,0.016545318,0.028156303,0.019131444,0.033523038,0.021529121,0.039184816
xx_57,0.009309081,0.013242128,0.02725022,0.01620149,0.031118305,0.018064264,0.03656221,0.019916965,0.042121682
Carterocephalus_palaemon,0.026594,0.0116114365,0.021279443,0.015311921,0.025159514,0.018448254,0.030048948,0.02153975,0.034934007
xx_58,0.015807297,0.015942167,0.021207891,0.0187615,0.024394609,0.020807412,0.028350633,0.023153918,0.032865766
xx_59,0.013214856,0.016036889,0.024073062,0.018500626,0.027676614,0.020632153,0.031995546,0.023068905,0.03640415
xx_60,0.01711769,0.012171715,0.018043665,0.015728671,0.021394257,0.018445192,0.02636377,0.021247132,0.031187175
xx_61,0.016088262,0.010034133,0.014703088,0.013514938,0.019035425,0.01614436,0.025299925,0.018579377,0.031205758
xx_62,0.013472782,0.011550395,0.023866257,0.01495893,0.027017675,0.016971292,0.032095324,0.019106979,0.037104562
Scoparia_ambigualis,0.014367,0.012631899,0.032711793,0.015504319,0.03642151,0.017577343,0.041703414,0.02034868,0.046567403
xx_63,0.026763882,0.019943928,0.031442326,0.022024114,0.034799177,0.024409862,0.037710264,0.026643226,0.040960077
Pyralis_farinalis,0.022434,0.009093243,0.039622847,0.0132646235,0.041486725,0.01700417,0.045891386,0.01945077,0.05106352
xx_64,0.014141222,0.0071740984,0.019749101,0.010540218,0.023838013,0.013823399,0.029183554,0.017433994,0.03511068
Pharmacophagus_antenor,0.018514,0.0051088985,0.013120601,0.010316119,0.018736,0.014780421,0.025658242,0.019191224,0.03258173
Battus_philenor,0.007593,0.007566795,0.015551259,0.011370212,0.02161569,0.014857384,0.028514603,0.018371142,0.035413418
Battus_belus,0.008061,0.0064316,0.027820386,0.011081457,0.03227655,0.014617444,0.037771847,0.019054286,0.042758852
xx_65,0.008298278,0.0063163782,0.009420459,0.01043902,0.01564962,0.013880623,0.022995405,0.016918108,0.03040046
Papilio_demoleus,0.012892,0.0064638173,0.018639136,0.010201756,0.022733126,0.013910899,0.0271766,0.017345125,0.032912828
Papilio_slateri,0.011371,0.0067453054,0.016368404,0.010108213,0.020684391,0.013325846,0.025946543,0.016535083,0.031097598
Papilio_glaucus,0.01032,0.0068075997,0.0050546783,0.011222554,0.012239408,0.014787441,0.02025508,0.018333536,0.028187023
Graphium_eurypylus,0.004838,0.008611535,0.024605772,0.01106686,0.030282645,0.012807971,0.036418855,0.014887629,0.04249663
Graphium_doson,0.004124,0.0077464194,0.022969175,0.010314899,0.028688425,0.012258763,0.034736328,0.014112258,0.040606
xx_66,0.012326304,0.0068108453,0.027670223,0.009206758,0.03262202,0.011004424,0.03752447,0.0134060625,0.04277646
xx_67,0.013514075,0.003964231,0.029913142,0.0066634673,0.03473629,0.009444113,0.040106673,0.012303829,0.04531727
xx_68,0.009322852,0.004102355,0.021742417,0.006665309,0.02457254,0.0091623375,0.02773242,0.011855785,0.030233392
xx_69,0.023214031,0.0038009014,0.025007628,0.0068678074,0.02949151,0.009539303,0.034671944,0.0123555325,0.039737392
xx_70,0.013446553,0.00890049,0.028502697,0.012128746,0.032384228,0.015287135,0.036849227,0.018852964,0.04110541
xx_71,0.01737316,0.0073675513,0.027024774,0.01063924,0.031376954,0.014184027,0.03630819,0.017766772,0.04101527
xx_72,0.019255102,0.007873833,0.027584858,0.011527772,0.032182436,0.014928927,0.03800966,0.01845907,0.04338659
xx_73,0.028836783,0.008901735,0.020743549,0.011203031,0.024564726,0.013525728,0.02941822,0.015533546,0.03432591
xx_74,0.018178035,0.00535699,0.03946672,0.00822743,0.04399131,0.01073838,0.04918855,0.013617728,0.054260146
Eurema_hecabe,0.023605,0.004761483,0.02997159,0.007647402,0.034616884,0.0104133645,0.03975386,0.013232663,0.044827484
xx_75,0.017830968,0.0051041143,0.027858706,0.008498485,0.032468714,0.011776948,0.037430573,0.015209641,0.042603355
xx_76,0.017081313,0.0049460037,0.024871366,0.0084435865,0.02887006,0.011631222,0.033782117,0.014765333,0.038758926
xx_77,0.008685773,0.013114322,0.022708569,0.015710086,0.028218029,0.017318554,0.034592446,0.019174047,0.040833168
Tagiades_litigiosa,0.018242,0.010097126,0.028431408,0.012051255,0.03187342,0.01331737,0.037693646,0.014804267,0.04348542
xx_78,0.012526717,0.013360123,0.022662073,0.016507909,0.027171377,0.019308183,0.032879613,0.022074368,0.038649544
Carcharodus_alceae,0.011111,0.013712097,0.024880847,0.016638808,0.029087344,0.018929377,0.034126587,0.021077769,0.0396927
xx_79,0.010128057,0.012342373,0.027066495,0.015097369,0.03155762,0.01686179,0.036610413,0.019151717,0.041878015
Signeta_flammeata,0.008229,0.013997659,0.027377864,0.0170307,0.030765396,0.018951667,0.036542468,0.02053309,0.042315163
xx_80,0.016130866,0.017519264,0.02204773,0.020182448,0.025138428,0.021886928,0.028806722,0.024075063,0.03312643
xx_81,0.024909515,0.013477077,0.019925436,0.016665159,0.023139013,0.019395338,0.027894927,0.021804115,0.03250714
xx_82,0.023127198,0.017612828,0.024276746,0.019923063,0.02701223,0.021779375,0.030915633,0.024582317,0.034745958
xx_83,0.011518798,0.015234493,0.023998577,0.017899193,0.027845612,0.020109972,0.032620076,0.02234565,0.037185673
xx_84,0.01750436,0.012619999,0.017994748,0.01610089,0.021211676,0.018672831,0.026078211,0.021482648,0.030887788
xx_85,0.024431273,0.011588673,0.017936895,0.015141308,0.021898204,0.018126683,0.026563395,0.02094929,0.03174277
xx_86,0.010507472,0.010658406,0.016920062,0.013987593,0.020674324,0.016548917,0.02654205,0.01890943,0.031963203
Jodis_putata,0.016683,0.009003682,0.011059973,0.012829656,0.016756335,0.015541791,0.023468912,0.018131886,0.030146264
Anania_hortulata,0.009569,0.010009365,0.023570098,0.013549116,0.026568457,0.015619857,0.031445198,0.01760197,0.036453642
Pyrausta_purpuralis,0.016818,0.01411198,0.024216698,0.017477857,0.027771961,0.019216409,0.03317589,0.0218692,0.038431928
Achroia_grisella,0.014485,0.015976321,0.03242634,0.019123299,0.035304707,0.02116595,0.038127337,0.023506215,0.041222498
Galleria_mellonella,0.012783,0.023210058,0.030666057,0.024700528,0.034290694,0.026848473,0.037402593,0.029410554,0.040632352
xx_87,0.009390406,0.007519257,0.020026177,0.010490754,0.023703586,0.013248951,0.029111553,0.016396739,0.03544159
Cressida_cressida,0.017736,0.0065052058,0.019162172,0.01067091,0.02415611,0.014917379,0.029274866,0.019483855,0.034478933
xx_88,0.009106555,0.0059233033,0.011323031,0.009427327,0.017714178,0.012472318,0.024812883,0.015242295,0.032036103
xx_89,0.010964939,0.0066317874,0.006954089,0.011603596,0.013171232,0.015522738,0.02092725,0.019048138,0.028697303
xx_90,0.011933167,0.005051161,0.02763677,0.0075349044,0.032564912,0.009741614,0.037927616,0.0123524945,0.043593835
xx_91,0.014542828,0.008927885,0.02753025,0.0112855565,0.032708276,0.01277189,0.03697838,0.01479394,0.041934058
xx_92,0.013410522,0.005560359,0.030402437,0.008846775,0.034490727,0.012136584,0.03970416,0.015612065,0.04446476
xx_93,0.014075365,0.002256661,0.02923775,0.004278198,0.034899976,0.006581326,0.040538125,0.008813786,0.046405047
xx_94,0.0017533726,0.0040791095,0.021726014,0.0066420464,0.024592886,0.009165305,0.027647316,0.011882455,0.030011958
Melinaea_menophilus,0.020487,0.0045569027,0.022134533,0.0075524654,0.02421938,0.008777559,0.028661646,0.0113475155,0.033103608
xx_95,0.006550284,0.0038461161,0.024906836,0.0069329217,0.029257812,0.009604999,0.034318577,0.012404292,0.039426886
xx_96,0.00785748,0.0037652669,0.02509449,0.006741859,0.02983988,0.009515838,0.035012368,0.0122606335,0.040178962
Elkalyce_argiades,0.018662,0.010072986,0.028424066,0.013254626,0.032032885,0.01695401,0.035850435,0.020354481,0.03983846
xx_97,0.01059439,0.008276435,0.028509801,0.011422584,0.03252816,0.014450931,0.03740654,0.018003019,0.041853987
xx_98,0.015232917,0.0076126186,0.025886906,0.010695434,0.03010775,0.013946393,0.035033848,0.017437382,0.03984454
Celastrina_argiolus,0.016793,0.0069369166,0.028229266,0.010717763,0.03271253,0.014315711,0.037765343,0.01828611,0.042358216
xx_99,0.020959474,0.008152461,0.02787463,0.011450306,0.03200837,0.014687693,0.037258275,0.017987816,0.041971967
Jalmenus_evagoras,0.01639,0.0076471167,0.027356813,0.011614832,0.03232259,0.0150786145,0.038492564,0.018800357,0.044448573
Calycopis_cecrops,0.017691,0.008340694,0.026104834,0.010725044,0.029178359,0.013571583,0.034137107,0.01621453,0.0392532
Eumaeus_atala,0.017118,0.009238878,0.015220766,0.011413033,0.019995293,0.013427233,0.024952922,0.015119093,0.030083073
xx_100,0.014026139,0.0053221635,0.038920537,0.008513084,0.043115813,0.011213063,0.048015147,0.014379203,0.052845016
Phoebis_sennae,0.017665,0.0053666527,0.04010921,0.007856637,0.04504898,0.0101772025,0.050648328,0.012644077,0.056066517
xx_101,0.015664555,0.0053046443,0.02695099,0.008655491,0.031245489,0.0118697435,0.036121678,0.015215633,0.041289512
Aporia_crataegi,0.012131,0.0049433205,0.028520117,0.008353018,0.033300158,0.011728868,0.038431693,0.015224406,0.04361318
xx_102,0.015394151,0.005285596,0.028043363,0.008704702,0.032218162,0.011726163,0.037129678,0.014800934,0.042073168
Leptosia_nina,0.020459,0.00408598,0.019958125,0.007949542,0.024309846,0.0117243165,0.029428486,0.015063047,0.03483712
xx_103,0.008187776,0.01174967,0.021130968,0.014357405,0.026654454,0.016315699,0.033157546,0.017589329,0.03972643
Zestusa_dorus,0.008447,0.014484576,0.024202129,0.01713144,0.029874565,0.018448912,0.036208875,0.020854745,0.042074945
xx_104,0.006680712,0.013062372,0.022896422,0.016434345,0.027227681,0.019034011,0.032919616,0.021691607,0.038531397
Pyrgus_malvae,0.005982,0.013577406,0.022489367,0.016607134,0.027056906,0.01947875,0.032903995,0.022452863,0.038738452
xx_105,0.011332745,0.013863746,0.025161397,0.016916787,0.029330706,0.019102253,0.033960916,0.021531943,0.039097484
Lerema_accius,0.012021,0.010705355,0.028764322,0.01296738,0.033578664,0.014723277,0.039342683,0.016717756,0.045241546
xx_106,0.019486438,0.01970523,0.023990704,0.022745555,0.026265236,0.024644857,0.029831711,0.026968615,0.033464298
xx_107,0.012631571,0.016092345,0.020781884,0.018650556,0.024213534,0.02022058,0.028419392,0.02234339,0.032951638
xx_108,0.020222876,0.014792169,0.02089483,0.017841317,0.023944644,0.020090688,0.02827358,0.022224484,0.03270058
xx_109,0.03401828,0.011079915,0.018133715,0.0150668975,0.022009049,0.018168746,0.02726227,0.02136663,0.032384142
xx_110,0.023629433,0.021148901,0.028619811,0.023690738,0.03074402,0.025906976,0.0333128,0.028638704,0.035564944
xx_111,0.030341309,0.013155706,0.018276295,0.016050177,0.022814358,0.017819205,0.0286693,0.019907225,0.03473714
Lasiocampa_quercus,0.014437,0.013498145,0.021906031,0.01606115,0.026155086,0.017864047,0.031414215,0.01975231,0.036526576
Dendrolimus_pini,0.006044,0.015932387,0.024777096,0.018661642,0.028572705,0.021075709,0.033113305,0.023448117,0.037546467
xx_112,0.009436553,0.011985047,0.018644845,0.015426763,0.021817345,0.018129598,0.026483184,0.021064283,0.03118647
xx_113,0.025772702,0.014292222,0.016003193,0.018026758,0.01960855,0.020179823,0.024940843,0.02272187,0.03018636
xx_114,0.02261717,0.012042912,0.021816803,0.015726062,0.025487844,0.018780615,0.030346679,0.021599215,0.035238996
xx_115,0.022016898,0.010886045,0.013975965,0.014517593,0.018206203,0.01769214,0.023372788,0.020555323,0.028700614
xx_116,0.013906503,0.010535052,0.014846072,0.014154124,0.01905502,0.01686971,0.024882156,0.019332629,0.030549522
xx_117,0.011076138,0.010676864,0.018425608,0.013895172,0.022102548,0.016282111,0.027773123,0.018624933,0.033219792
xx_118,0.007781091,0.00802031,0.025368469,0.010778528,0.02819195,0.013022023,0.03179063,0.015777517,0.036682338
xx_119,0.010126544,0.00657377,0.012897611,0.010129068,0.01930563,0.01366573,0.026956143,0.017370317,0.03434011
xx_120,0.0060803574,0.0064790873,0.010214736,0.009607642,0.016901061,0.012355865,0.024522819,0.014895046,0.03199996
xx_121,0.0030763582,0.0056550894,0.011862954,0.00932317,0.01812663,0.012558031,0.02494587,0.015395265,0.032074735
xx_122,0.011273149,0.006931388,0.009253131,0.011888183,0.014727665,0.01621655,0.0216091,0.02019374,0.028492602
Papilio_bianor,0.012936,0.0062319427,0.0042238543,0.011385615,0.011627057,0.014818144,0.020217208,0.017742107,0.029030401
xx_123,0.014241364,0.0066387644,0.028132439,0.00893223,0.03250085,0.011533522,0.037255153,0.013728709,0.042200048
xx_124,0.008030801,0.0042130486,0.02737948,0.0066947606,0.032455195,0.0089202775,0.03836369,0.011560471,0.044376396
xx_125,0.01240585,0.008096303,0.03356684,0.01102618,0.0379522,0.013583495,0.04312451,0.016520593,0.04783739
Doxocopa_laurentia,0.01162,0.009517477,0.021230832,0.011198656,0.027224652,0.011971105,0.03140218,0.013578519,0.03744322
xx_126,0.009429787,0.0051931054,0.028994482,0.008438188,0.033403397,0.011715373,0.03881892,0.014934998,0.04389209
xx_127,0.022011153,0.006381239,0.033791866,0.009845254,0.037267324,0.013286384,0.042038385,0.017361442,0.045975015
xx_128,0.012961078,0.0032369082,0.027128687,0.0053527746,0.03305088,0.007998619,0.0385253,0.010470861,0.044525176
Taenaris_catops,0.017122,0.00087940367,0.03185303,0.002730469,0.0372289,0.004660453,0.04322689,0.0067599365,0.04923152
Tithorea_harmonia,0.010948,0.003655712,0.023139525,0.0064504,0.027806597,0.008446814,0.032771327,0.010448205,0.0373867
Mechanitis_polymnia,0.000953,0.004113144,0.021571832,0.0066971215,0.024273803,0.00926762,0.027131706,0.0120089,0.029352305
xx_129,0.006504327,0.0041709538,0.025903523,0.0070305625,0.030336216,0.009695715,0.035393536,0.012402662,0.04046188
Danaus_melanippus,0.005954,0.003554504,0.023984218,0.006774098,0.028300647,0.009608176,0.033395976,0.012405056,0.038539737
Danaus_chrysippus,0.0051,0.0042589516,0.025736295,0.007329627,0.029983684,0.010140147,0.034978572,0.01286088,0.039977275
Danaus_gilippus,0.004899,0.0033199629,0.024508469,0.006215349,0.029725304,0.008954255,0.035019394,0.011698247,0.04038292
xx_130,0.0037412224,0.008121131,0.029672474,0.011256503,0.03368116,0.014248691,0.03857413,0.017797945,0.043119095
xx_131,0.0083122,0.008594679,0.025748229,0.011615642,0.030012678,0.015038805,0.03475222,0.018519808,0.039247986
Glaucopsyche_alexis,0.00942,0.008676445,0.02757414,0.0118195275,0.03179349,0.015027261,0.03645239,0.018442284,0.041160583
Maculinea_arion,0.009791,0.00636925,0.024030989,0.009646499,0.028363265,0.012801396,0.03366114,0.016528022,0.038610935
xx_132,0.00995065,0.008189315,0.029672764,0.01137067,0.033736527,0.0145475,0.038928177,0.017901542,0.043787807
Helleia_helle,0.011041,0.007974805,0.025719592,0.011611467,0.03014626,0.014791027,0.035310406,0.018201465,0.04008141
xx_133,0.0076369606,0.005283947,0.03799878,0.008424948,0.04217461,0.0111265145,0.046972957,0.0143681755,0.05170955
Zerene_cesonia,0.012096,0.0053874655,0.04035468,0.008557921,0.044578284,0.011432678,0.049683582,0.014399564,0.054738186
xx_134,0.009378384,0.0045957207,0.026396673,0.007993334,0.030850297,0.011441764,0.035811547,0.014901882,0.040906914
Pontia_daplidice,0.014563,0.0064223036,0.02789447,0.009696122,0.031713657,0.012601572,0.036808465,0.015703678,0.0418123
Hebomoia_glaucippe,0.01491,0.0042433967,0.030780794,0.00729626,0.0353832,0.010055955,0.040819723,0.012650901,0.046343774
Anthocharis_cardamines,0.010251,0.005842864,0.025966004,0.009563766,0.029928604,0.012925684,0.03469494,0.016375434,0.03947952
xx_135,0.009161079,0.011930948,0.023321077,0.014169111,0.029814703,0.016689708,0.036452558,0.019074246,0.043179635
Spathilepia_clonius,0.008106,0.011551094,0.018835077,0.014462008,0.023729552,0.015990933,0.030343559,0.01642366,0.037009347
Pyrgus_centaureae,0.004793,0.0130591085,0.02206613,0.016480036,0.0267361,0.019001935,0.032708053,0.021653231,0.038616795
Pyrgus_alveus,0.004719,0.013068663,0.023699567,0.016391778,0.027733454,0.019060474,0.033142094,0.021729566,0.03845599
xx_136,0.0129099395,0.014909162,0.026871294,0.017799009,0.030957786,0.019904116,0.035684682,0.02214737,0.040631145
xx_137,0.012395658,0.01287728,0.023538414,0.016049832,0.027746126,0.0184724,0.03252759,0.020983981,0.037749108
Clostera_curtula,0.035807,0.019011522,0.025470743,0.02198579,0.027904484,0.024345212,0.03130946,0.026630873,0.035256576
xx_138,0.017261064,0.020056998,0.023231253,0.023051227,0.025528463,0.02485255,0.029068047,0.027118925,0.032649472
xx_139,0.013688821,0.020272851,0.021640874,0.02297247,0.024503319,0.024728434,0.028426727,0.026553178,0.032326948
xx_140,0.012176427,0.012355162,0.019668551,0.015066999,0.023536135,0.016870458,0.028803667,0.018951708,0.03382314
xx_141,0.01194993,0.015622639,0.021843396,0.018508755,0.024674077,0.020920107,0.028382678,0.023460075,0.032450702
Thyatira_batis,0.013208,0.013809678,0.019790748,0.017307976,0.023263562,0.019101676,0.02811846,0.020903751,0.033032127
Drepana_falcataria,0.020492,0.011647113,0.01787758,0.015668673,0.02196037,0.018580057,0.027240882,0.021617439,0.03243607
Falcaria_lacertinaria,0.020359,0.010522848,0.018345233,0.01449353,0.022111585,0.01779707,0.02723394,0.021145528,0.032361314
xx_142,0.015271001,0.024068307,0.031167679,0.026503963,0.033316664,0.028872797,0.0355369,0.03137772,0.037544526
xx_143,0.014831217,0.01823528,0.026036497,0.020991798,0.028344847,0.023463665,0.03136611,0.026268499,0.033947762
xx_144,0.015637988,0.011722533,0.016191563,0.014825449,0.020916449,0.016326424,0.027186668,0.017464623,0.034003086
Automeris_io,0.027131,0.015554666,0.021660058,0.018354129,0.026208563,0.020869853,0.03160278,0.024403157,0.03649071
xx_145,0.007880224,0.01215152,0.018571438,0.015477375,0.022134457,0.017905818,0.026966386,0.020802204,0.031735975
Aplocera_praeformata,0.026464,0.011494939,0.018860867,0.015147535,0.020707943,0.018756334,0.024674026,0.021984825,0.029243462
Lobophora_halterata,0.011765,0.015310417,0.020415839,0.018995348,0.023220235,0.021653384,0.027926177,0.024848515,0.032421574
Pterapherapteryx_sexalata,0.009585,0.01338257,0.012444052,0.017312704,0.017035544,0.01918495,0.02285746,0.021155706,0.028689407
xx_146,0.016425293,0.013264307,0.023375055,0.016873535,0.027234137,0.019372115,0.03211858,0.022221839,0.03699923
Idaea_aversata,0.005673,0.011603029,0.02126984,0.015364685,0.02491129,0.01858116,0.029768642,0.02141794,0.034679435
Cyclophora_albipunctata,0.00301,0.010641407,0.015655076,0.014198353,0.020474777,0.017512517,0.026123215,0.020489935,0.032038894
Cyclophora_punctaria,0.002715,0.011031118,0.012199,0.014712227,0.016016576,0.017902348,0.020693231,0.020723723,0.025944352
xx_147,0.015124951,0.011480473,0.016997686,0.0148362415,0.020934481,0.017500767,0.026362136,0.019796057,0.031750485
xx_148,0.016102662,0.009501804,0.012451502,0.013477386,0.017168473,0.01622049,0.02345572,0.01894793,0.029368037
xx_149,0.01092294,0.010193262,0.018914,0.013318081,0.02247774,0.01568539,0.028104521,0.018093096,0.03370313
xx_150,0.022018924,0.011604983,0.01732208,0.015056067,0.021455433,0.01750542,0.026990378,0.019738574,0.032347497
xx_151,0.0078067277,0.007490604,0.0312797,0.009995217,0.034367245,0.01195074,0.037492707,0.014532902,0.041660905
Euryades_corethrus,0.009385,0.0077782935,0.017393764,0.011283965,0.021184497,0.014514583,0.026666917,0.017922055,0.03211689
xx_152,0.009451479,0.0067224507,0.011701845,0.010028926,0.017935509,0.013356163,0.025378222,0.016613616,0.032629944
Pachliopta_kotzebuea,0.010252,0.006339963,0.014123384,0.010235977,0.020722955,0.0139671955,0.028619293,0.018297562,0.036349148
Papilio_helenus,0.005324,0.006681169,0.0065803695,0.010168089,0.014449262,0.013148098,0.02265181,0.016084611,0.030592851
Papilio_memnon,0.006008,0.006032286,0.014281032,0.0089456085,0.020300956,0.011386332,0.027074132,0.013547589,0.033959713
xx_153,0.0051500937,0.0058860243,0.014671173,0.009883267,0.020599306,0.013384295,0.026901467,0.016148943,0.033607166
Papilio_polytes,0.002251,0.005519217,0.010617904,0.009099955,0.01707523,0.012235734,0.024200756,0.015097642,0.03144738
xx_154,0.009156948,0.0075335335,0.012142467,0.0125979595,0.017722718,0.017046243,0.024560386,0.021128125,0.031502858
Papilio_xuthus,0.009393,0.0060723396,0.0059129884,0.011109539,0.01153564,0.01546801,0.018571367,0.01939874,0.025729597
xx_155,0.012272755,0.005432263,0.027707636,0.007611933,0.031898122,0.010067041,0.036355976,0.012171454,0.04121929
xx_156,0.013512222,0.0077922167,0.028507618,0.01051728,0.033074185,0.012937641,0.038249105,0.0155873485,0.043383628
Limenitis_reducta,0.007076,0.0040578647,0.02960018,0.006645337,0.035125103,0.008981698,0.041369386,0.011615922,0.047476508
Limenitis_arthemis,0.007297,0.0043120724,0.02476688,0.006571729,0.029252892,0.008977993,0.035336517,0.011601186,0.041443996
xx_157,0.011933085,0.007747079,0.03365614,0.010492335,0.037868377,0.0128159085,0.04254885,0.015724633,0.04698652
xx_158,0.014429674,0.008426306,0.033302147,0.011707739,0.03818556,0.014398711,0.04363309,0.017508863,0.048979916
xx_159,0.010788549,0.0059165303,0.03091127,0.009138638,0.034739602,0.012248652,0.040001426,0.0153389545,0.044874463
xx_160,0.014292045,0.0043026595,0.026435725,0.0075074458,0.03181158,0.010987844,0.037322443,0.01450449,0.04267054
xx_161,0.007163848,0.006015091,0.033300966,0.009468819,0.03639697,0.012773562,0.04107033,0.016743785,0.045253184
Coenonympha_iphis,0.007695,0.006727804,0.03410238,0.010186101,0.038423736,0.013927168,0.04284001,0.01798279,0.046938922
xx_162,0.010493788,0.0025483242,0.026069619,0.0042396546,0.032378107,0.0064604515,0.038255032,0.009634798,0.043642826
Morpho_marcus,0.002676,0.0034166581,0.027388731,0.005643151,0.033228133,0.00838968,0.038600154,0.010673337,0.044750523
Danaus_eresimus,0.00617,0.0031884627,0.022920948,0.0062952377,0.027293893,0.009143217,0.032398533,0.012166705,0.037522417
Danaus_plexippus,0.004762,0.004745997,0.027959501,0.0075886887,0.03253408,0.010119461,0.037729744,0.01273292,0.042891957
xx_163,0.006377113,0.0081040645,0.029019207,0.011243628,0.033301912,0.014280475,0.03802273,0.01758309,0.04285839
xx_164,0.0038522307,0.00815702,0.030007342,0.0112306345,0.033990372,0.014248798,0.038821492,0.017919654,0.04332349
Albulina_orbitulus,0.007883,0.009429559,0.027624473,0.012861859,0.030891683,0.016752036,0.035088666,0.020245878,0.039143216
Vacciniina_optilete,0.007237,0.007880226,0.024100803,0.010539235,0.029255264,0.0135939345,0.03442562,0.017006412,0.0394329
xx_165,0.0068650427,0.007846934,0.031243194,0.011004533,0.035186753,0.014123994,0.04002122,0.017411238,0.04478532
Lycaena_phlaeas,0.007536,0.008498365,0.027751023,0.01178427,0.03232235,0.015014554,0.03764005,0.018490655,0.042832233
xx_166,0.0023138565,0.005524008,0.039913975,0.008643883,0.044047315,0.011416852,0.048652,0.014803636,0.053370547
xx_167,0.0030983097,0.004935456,0.035176292,0.007987659,0.039688848,0.01087517,0.04468647,0.013812833,0.049606152
xx_168,0.005784301,0.0049199,0.025124684,0.008197484,0.029561235,0.011216441,0.034694444,0.014444577,0.03988354
xx_169,0.0064660106,0.004158642,0.027759776,0.007813101,0.032272708,0.011660179,0.037075717,0.015480508,0.042098064
Autochton_cellus,0.008255,0.011717773,0.024331966,0.0143455975,0.031054286,0.016982302,0.037691377,0.019779233,0.04436516
Autochton_pseudocellus,0.007454,0.012030818,0.022330033,0.014103498,0.028708577,0.016347533,0.035361633,0.018516833,0.042156953
Hesperia_comma,0.013462,0.015171036,0.028675439,0.01790481,0.032574017,0.020178134,0.037281673,0.022291455,0.042096
Ochlodes_venata,0.010839,0.014707124,0.0254382,0.017644098,0.029637987,0.01978197,0.034533836,0.0220196,0.03950519
xx_170,0.0073071653,0.012905513,0.024364464,0.016037092,0.0278119,0.018258376,0.03247936,0.020477068,0.037274424
Thymelicus_lineola,0.007145,0.012885208,0.022844266,0.016001943,0.027475182,0.018676117,0.03281084,0.021476682,0.038082577
xx_171,0.018574536,0.0184789,0.023541467,0.021415215,0.026038654,0.023180874,0.030021964,0.025514124,0.033851936
xx_172,0.02514029,0.022247335,0.02265463,0.025202917,0.024627939,0.027513104,0.027809538,0.029427258,0.031083342
xx_173,0.012118349,0.01857067,0.021425594,0.02118367,0.02426655,0.023009079,0.028350506,0.025011735,0.032432884
Pseudoips_prasinana,0.019149,0.022967232,0.021738313,0.025806595,0.024880622,0.02772937,0.028543923,0.029177811,0.03240157
xx_174,0.010109658,0.012837472,0.020539867,0.015557817,0.02434599,0.0174849,0.029286534,0.019701282,0.034087222
Hypena_proboscidalis,0.023168,0.011243631,0.017392894,0.013969089,0.021946598,0.015540534,0.027581256,0.017249472,0.03344215
xx_175,0.0121664405,0.018745374,0.023996634,0.02207403,0.026238805,0.024913326,0.029058045,0.02752312,0.032874927
xx_176,0.012403223,0.012233013,0.019183988,0.015090696,0.023001216,0.017117187,0.027847534,0.019608518,0.03248561
xx_177,0.012323942,0.021832028,0.02823552,0.024201414,0.030605365,0.026485555,0.03298609,0.028956018,0.034990583
Hemaris_fuciformis,0.013606,0.026412914,0.03427868,0.028955694,0.036363255,0.03168558,0.038307205,0.03425027,0.040593773
xx_178,0.015349325,0.018812593,0.024025273,0.021346407,0.026735038,0.023678865,0.029980032,0.026303839,0.03307168
xx_179,0.015339012,0.017668096,0.027874604,0.020587837,0.030024486,0.023317507,0.0326278,0.026234696,0.0349117
xx_180,0.014752364,0.012320234,0.013076824,0.015491379,0.017072178,0.018692732,0.02451277,0.022914613,0.032047648
Antheraea_pernyi,0.005106,0.011476876,0.017103016,0.014549449,0.022166325,0.0153875,0.028246095,0.015660236,0.034807965
xx_181,0.011772329,0.010209446,0.013792418,0.013649373,0.018185578,0.016142134,0.02386094,0.01880469,0.02933961
xx_182,0.0076425956,0.013276604,0.021328775,0.01668668,0.024847426,0.019253273,0.029182693,0.02224617,0.03363387
Idaea_dimidiata,0.01167,0.010445549,0.021430058,0.014072108,0.024980092,0.017072733,0.029529938,0.019959139,0.03461955
Idaea_biselata,0.00837,0.015080557,0.02449349,0.018671574,0.028656181,0.021043865,0.033948123,0.023908857,0.038871054
xx_183,0.01219897,0.011913848,0.017354779,0.015240664,0.021162467,0.017904172,0.026369233,0.020230887,0.03171675
Ectropis_crepuscularia,0.023844,0.010546141,0.016176643,0.014144374,0.020629302,0.016589973,0.026218941,0.019005973,0.03191163
xx_184,0.019439863,0.009915544,0.0132680535,0.013975258,0.017193384,0.016588487,0.022982348,0.019194322,0.02850572
Chiasmia_clathrata,0.016676,0.009183718,0.011751891,0.013051119,0.017177625,0.015909856,0.02381367,0.018740013,0.03010253
xx_185,0.0124805905,0.010635432,0.018049505,0.013723727,0.021851009,0.016104871,0.027399149,0.018356055,0.033100933
xx_186,0.016806908,0.00959143,0.020122865,0.0127169825,0.023369309,0.015078956,0.029041136,0.01775607,0.03455253
xx_187,0.022328595,0.012823571,0.0196425,0.01625472,0.0236679,0.018847905,0.029017879,0.021310683,0.03448637
Cabera_pusaria,0.023977,0.010177864,0.014550343,0.013794172,0.019147843,0.016080515,0.024747137,0.018149752,0.030326061
xx_188,0.0059949616,0.0076272087,0.025699263,0.010363661,0.029341163,0.012422336,0.0337258,0.014831475,0.038568698
Trogonoptera_brookiana,0.006829,0.0067831315,0.03746718,0.009383061,0.04025175,0.011663765,0.04327392,0.014555702,0.046195224
Atrophaneura_dixoni,0.005212,0.007863479,0.015518605,0.010411498,0.021426009,0.0123346895,0.02771433,0.014567917,0.03353389
Byasa_alcinous,0.005233,0.0053523383,0.007547707,0.009747392,0.015000468,0.014230679,0.023500137,0.018746817,0.032116514
Papilio_phestus,0.00187,0.0055276803,0.017195413,0.010499235,0.023032485,0.015260254,0.028734947,0.018691739,0.03536543
Papilio_ambrax,0.001409,0.006047939,0.012690587,0.00944524,0.018736325,0.012037782,0.0255406,0.014362054,0.032472976
Papilio_zelicaon,0.001649,0.0077958964,0.014084523,0.013162877,0.01928239,0.017917622,0.025854608,0.022356847,0.032567773
Papilio_polyxenes,0.001846,0.0071703694,0.009871379,0.011994516,0.015995951,0.016093407,0.023127511,0.019789798,0.030395037
xx_189,0.008603857,0.00540552,0.026368614,0.007611705,0.030519696,0.010119169,0.03480596,0.012229085,0.03953508
xx_190,0.010336481,0.005381173,0.029326463,0.0076661687,0.033350326,0.0099448385,0.038319226,0.012180194,0.043275543
xx_191,0.0052550565,0.008473216,0.02666627,0.010969547,0.031400524,0.01326721,0.03668511,0.016069772,0.041717928
xx_192,0.008511867,0.0065632868,0.031378005,0.009787919,0.035662413,0.012416754,0.04090274,0.014900743,0.046219755
xx_193,0.013937175,0.010258638,0.03446854,0.0133433165,0.037993994,0.015735922,0.04246389,0.01875243,0.046659824
xx_194,0.015311816,0.0049223015,0.032496173,0.007357363,0.037696876,0.009751282,0.042711787,0.012496766,0.047567032
xx_195,0.007964726,0.0068320087,0.031571697,0.009832178,0.036636002,0.012235794,0.042101625,0.014970201,0.047744304
xx_196,0.006368464,0.0096421,0.034479454,0.013059606,0.039368063,0.016135775,0.044785764,0.019552251,0.05013415
xx_197,0.01056249,0.0062155323,0.029215718,0.009080891,0.033555266,0.012224043,0.038867954,0.015234527,0.04369358
xx_198,0.0098548345,0.005662089,0.03250094,0.009161726,0.035840664,0.012220133,0.041023143,0.015441126,0.045958966
xx_199,0.01699923,0.0048669283,0.028966365,0.008634126,0.03399336,0.012235092,0.03934976,0.016045805,0.044712532
Mycalesis_mineus,0.01219,0.0038313856,0.02459519,0.0067273034,0.030271273,0.01014673,0.035944976,0.013465076,0.041352566
Coenonympha_dorus,0.007131,0.006272241,0.036684375,0.0094411215,0.038811687,0.012942275,0.043065723,0.01742668,0.04672539
Coenonympha_arcania,0.007197,0.005783695,0.02978661,0.0094192205,0.034304816,0.012370506,0.039076716,0.01608357,0.043732177
xx_200,0.011507014,0.0033857536,0.02314905,0.0051686517,0.029341899,0.0076806364,0.035075605,0.010692674,0.04026914
xx_201,0.009007242,0.0018737337,0.028073939,0.0034225697,0.03445087,0.0056142453,0.040671077,0.008945364,0.046372008
xx_202,0.00713063,0.0081576435,0.028330242,0.011105859,0.032749616,0.014098801,0.03758298,0.017576871,0.04239416
xx_203,0.007574468,0.008023927,0.029860592,0.011421583,0.033727225,0.014442435,0.038679022,0.017620796,0.043262072
Plebejus_argus,0.006239,0.007941027,0.028205855,0.011087909,0.032675073,0.014333284,0.0376684,0.017944695,0.04249704
xx_204,0.0014814981,0.00820738,0.0304075,0.011257075,0.034345537,0.014238311,0.039072167,0.017915202,0.04354696
Lycaena_alciphron,0.005788,0.008426229,0.0329543,0.011483553,0.036344454,0.014495858,0.0407956,0.017767526,0.04524055
Lycaena_virgaureae,0.006029,0.007225672,0.029397262,0.010513459,0.034073774,0.013742898,0.039238643,0.017037483,0.04431781
xx_205,0.0025265724,0.005458067,0.040565807,0.008608693,0.044743963,0.011534652,0.049370676,0.0150873875,0.054117378
xx_206,0.0033192665,0.005719919,0.039065126,0.008474978,0.043041956,0.0114358,0.04772755,0.014366758,0.05239272
Colias_eurytheme,0.002641,0.005016725,0.035759814,0.008053863,0.0402944,0.010850978,0.0452926,0.013716927,0.050206795
Colias_palaeno,0.003177,0.0048058275,0.034450263,0.0079588825,0.03893838,0.010857555,0.043959342,0.013953379,0.04890535
Pieris_melete,0.003353,0.004473092,0.023161868,0.00757994,0.027454633,0.010628967,0.032549217,0.013456508,0.037964903
Pieris_napi,0.002626,0.005253443,0.026474012,0.008533449,0.031078208,0.0117401015,0.03628735,0.015216647,0.041441273
Pieris_rapae,0.003861,0.004812402,0.028972706,0.008447019,0.033324014,0.0120422775,0.038485523,0.015872328,0.043524224
Pieris_mannii,0.003306,0.003563584,0.026743475,0.0072838645,0.03128586,0.011323821,0.035960503,0.015189864,0.040879313
Thymelicus_sylvestris,0.004703,0.013229139,0.028074805,0.01642183,0.031288423,0.018796535,0.036296025,0.02130014,0.041344777
Thymelicus_acteon,0.004624,0.0123402225,0.020521604,0.015608565,0.02413542,0.017824503,0.028917069,0.01988274,0.033656903
xx_207,0.021669254,0.019377159,0.025678936,0.022325883,0.028113747,0.024431584,0.03183054,0.026747076,0.035444513
Phalera_bucephala,0.019623,0.01764166,0.021562174,0.020557528,0.024183985,0.02220764,0.028512463,0.024461426,0.032554504
Cerura_vinula,0.013861,0.023030173,0.023289673,0.02585548,0.025257649,0.028070776,0.028430657,0.030021308,0.03169373
Furcula_furcula,0.015913,0.021329325,0.021904677,0.024417866,0.023922421,0.026881034,0.027072543,0.028733978,0.030411365
xx_208,0.008060068,0.018457053,0.021927604,0.021078885,0.02462292,0.023006704,0.028471433,0.025106927,0.032482006
xx_209,0.013596235,0.018757464,0.0204777,0.021379422,0.023851737,0.022989199,0.027999602,0.024851447,0.032444183
xx_210,0.010157431,0.012626338,0.02020707,0.015276571,0.023900064,0.017255468,0.028597066,0.019600142,0.033284623
xx_211,0.023316044,0.013314674,0.021182114,0.016144361,0.025384223,0.018029207,0.030758616,0.01992831,0.03601712
Tethea_ocularis,0.010985,0.017268823,0.020486955,0.020326223,0.023600712,0.022764878,0.027492223,0.02521774,0.03151387
Achlya_flavicornis,0.01166,0.020284574,0.02795628,0.02408838,0.028660674,0.027258575,0.031382527,0.030203693,0.034387667
Tetheella_fluctuosa,0.011603,0.011420005,0.015505914,0.01374406,0.020023253,0.015515612,0.025248012,0.017660197,0.030272534
Ochropacha_duplaris,0.013322,0.013082161,0.023283076,0.016532753,0.026430467,0.019051475,0.031066079,0.02210621,0.035404105
xx_212,0.0069089644,0.022366798,0.03035692,0.024927847,0.032931153,0.027406463,0.035971582,0.030418351,0.03838602
Hyles_lineata,0.006577,0.021173695,0.026010392,0.023455417,0.0280413,0.025497368,0.030013885,0.027742464,0.03181188
Laothoe_populi,0.015254,0.017053578,0.020478876,0.019519527,0.0232625,0.021724353,0.027133597,0.024007719,0.030772062
Mimas_tiliae,0.012223,0.020065753,0.026605101,0.022725869,0.029394306,0.025382046,0.032380857,0.028256591,0.035126243
Manduca_sexta,0.008124,0.016671455,0.029125009,0.019420674,0.031610623,0.022318538,0.03415865,0.02559306,0.03604133
Sphinx_pinastri,0.00953,0.01880957,0.026139488,0.021843677,0.02828917,0.024551762,0.03092758,0.027149543,0.033555906
Actias_luna,0.013198,0.008650357,0.0024367806,0.012794474,0.011220345,0.01669122,0.020904785,0.020852806,0.030151855
Saturnia_pavonia,0.015009,0.015909025,0.024310542,0.019992154,0.027503803,0.023183627,0.031881947,0.026456622,0.03638682
xx_213,0.01008602,0.010235687,0.01528243,0.014076091,0.019147322,0.01690828,0.024600621,0.019653706,0.029981468
Venusia_cambrica,0.030732,0.010189947,0.0090285875,0.012166205,0.015169767,0.013697167,0.021543803,0.016245836,0.027537296
xx_214,0.00959513,0.014297055,0.021664282,0.017743329,0.024862636,0.019919422,0.029252281,0.022755539,0.03345259
Eupithecia_vulgata,0.008339,0.012372118,0.021079995,0.015847899,0.024724448,0.018698648,0.029246386,0.021842562,0.03374754
xx_215,0.011109173,0.013008258,0.017056054,0.016240835,0.020768564,0.018733568,0.025778674,0.021077082,0.031015879
Aethalura_punctulata,0.022191,0.009602353,0.017760413,0.013426319,0.022010531,0.016242003,0.027419377,0.018661406,0.03327756
xx_216,0.0147693325,0.011337637,0.013137319,0.014400893,0.017974831,0.016888693,0.023612307,0.01923293,0.029079132
Macaria_brunneata,0.013926,0.008689273,0.013487243,0.013500116,0.016446091,0.01621979,0.02233723,0.01916588,0.02796555
xx_217,0.012724363,0.012195659,0.01930413,0.01533591,0.023098359,0.017680205,0.028006827,0.019987302,0.03318625
Petrophora_chlorosata,0.019336,0.008101788,0.015856069,0.011427928,0.020001072,0.013964623,0.02660181,0.016005035,0.03323145
xx_218,0.017921463,0.010040222,0.019586686,0.012903992,0.023367615,0.015347281,0.028779719,0.018293109,0.033919048
Epione_repandaria,0.019685,0.009168931,0.020769052,0.012448751,0.02337582,0.014683927,0.029272407,0.017172294,0.035270203
Lomographa_bimaculata,0.013037,0.012617242,0.018852802,0.016054371,0.022717586,0.018864792,0.027942544,0.021462072,0.033467628
Lomographa_temerata,0.013309,0.012978619,0.020452548,0.016507473,0.024590215,0.018786015,0.030179426,0.021205531,0.035562206
xx_219,0.004428654,0.007218715,0.029167647,0.009720791,0.032917127,0.011847251,0.037571102,0.014283824,0.04210003
xx_220,0.0043819877,0.007813926,0.022054147,0.010819483,0.025638755,0.01315137,0.03041792,0.015499735,0.03557019
xx_221,0.013443954,0.0058579575,0.027806949,0.008647583,0.032118067,0.011159212,0.037104193,0.013800904,0.042159785
xx_222,0.008087529,0.0050113057,0.025423298,0.007048893,0.029397901,0.009345098,0.033396903,0.01139476,0.038016517
xx_223,0.009877524,0.004580948,0.02848845,0.00703278,0.032470368,0.009462961,0.038194213,0.011804707,0.043757264
Dryas_iulia,0.009669,0.006128219,0.030131033,0.008356587,0.034178693,0.010440742,0.038496315,0.012585655,0.042847868
xx_224,0.006800191,0.008135058,0.025458828,0.010243277,0.030230949,0.012160847,0.035597708,0.014649636,0.04068839
Boloria_aquilonaris,0.003143,0.008633516,0.027180474,0.011242176,0.031907298,0.013791791,0.03716374,0.016702887,0.04220752
xx_225,0.0071335854,0.007623307,0.02921632,0.010224589,0.034110755,0.012472817,0.039335713,0.014860806,0.044640042
Issoria_lathonia,0.008182,0.0053439396,0.03388077,0.009177147,0.037364174,0.012251835,0.042717267,0.015021075,0.0481307
xx_226,0.01201516,0.009159276,0.025771894,0.011648142,0.030136315,0.013683395,0.03529521,0.016565796,0.04020635
Occidryas_editha,0.007169,0.010469662,0.038709383,0.0139763,0.04227384,0.017238645,0.046795722,0.02050887,0.051254015
xx_227,0.012816275,0.006267151,0.036838293,0.009268425,0.041946005,0.01171685,0.0472731,0.01458079,0.052533492
Hypolimnas_misippus,0.012028,0.003354557,0.02785779,0.0054225684,0.033509433,0.008037309,0.03873158,0.010917097,0.043586023
xx_228,0.0061249183,0.0061287386,0.028210394,0.009738715,0.033483334,0.012435064,0.038958848,0.01565724,0.044901736
Aglais_io,0.005536,0.007294816,0.034349274,0.009867914,0.03940976,0.012081344,0.045063578,0.0145360725,0.050604444
Vanessa_cardui,0.006941,0.009069983,0.034733046,0.01239431,0.03930888,0.015623771,0.044549067,0.018981066,0.049786758
Vanessa_atalanta,0.002532,0.009851475,0.034398086,0.013269219,0.039367467,0.01632305,0.044889152,0.019748837,0.050247766
xx_229,0.0075648595,0.0066312025,0.02803498,0.009396947,0.032147605,0.012690594,0.037041128,0.015924972,0.041686513
Maniola_jurtina,0.012548,0.0054331417,0.030857075,0.008539335,0.03589331,0.011435474,0.04163459,0.014201488,0.047387198
xx_230,0.0139896795,0.0055629574,0.030519553,0.008954886,0.035151094,0.012203951,0.040331498,0.015527763,0.04528563
Melanargia_galathea,0.005461,0.005756921,0.033289377,0.009210749,0.03618557,0.012166008,0.04126374,0.015416976,0.046207797
xx_231,0.013608169,0.004829936,0.027782183,0.008455693,0.032805827,0.011927119,0.03813609,0.015519812,0.04345653
Pararge_aegeria,0.012571,0.004904424,0.030015672,0.008730197,0.03504438,0.012558994,0.04044112,0.016535696,0.04590766
Morpho_telemachus,0.007573,0.0046732994,0.026636306,0.007373601,0.03269551,0.010558171,0.038325753,0.014217836,0.043985896
Morpho_hecuba,0.008161,0.0017178874,0.018717166,0.00256676,0.025435597,0.0044657164,0.031664755,0.0071094506,0.036861125
xx_232,0.008384024,0.002899637,0.027073367,0.0042794775,0.033488315,0.0062996503,0.03978493,0.0092967795,0.045470126
Morpho_menelaus,0.009191,0.0006922008,0.029136507,0.0024589272,0.03552343,0.0048696613,0.041678607,0.008581126,0.047412653
xx_233,0.007262851,0.008492558,0.029164158,0.011289078,0.033489313,0.014004324,0.03815479,0.017407088,0.04299243
Cyaniris_semiargus,0.007296,0.007779262,0.027483441,0.010990909,0.03199271,0.014145469,0.037032843,0.017770723,0.041781392
xx_234,0.006694765,0.008584402,0.030881446,0.012179506,0.034289207,0.015212056,0.038841255,0.01823453,0.042991783
Polyommatus_icarus,0.006987,0.007397404,0.02875333,0.010622217,0.033143602,0.013678108,0.03847853,0.016994057,0.0436013
Lycaeides_melissa,0.001587,0.008995736,0.035359688,0.012187272,0.038405985,0.015314842,0.04228044,0.019218322,0.045922074
Lycaeides_idas,0.000884,0.0077242246,0.027705615,0.010743715,0.0323707,0.013750227,0.037530113,0.017274888,0.04243065
xx_235,0.002111309,0.0060129426,0.03811173,0.009362335,0.04262907,0.012562998,0.047534067,0.016177302,0.05216326
Colias_thisoa,0.003576,0.004302131,0.04465706,0.0070489715,0.048164666,0.00992648,0.052975018,0.01337886,0.057642985
Colias_croceus,0.002647,0.0060820454,0.04054024,0.00870851,0.044491846,0.01139539,0.04900676,0.014229692,0.05363694
Colias_hyale,0.003649,0.0050850683,0.036946442,0.008258484,0.041141577,0.01143669,0.04603429,0.014659355,0.050809797
xx_236,0.017353607,0.020153143,0.028491013,0.023146631,0.030828046,0.025395723,0.03437609,0.02781917,0.03793474
xx_237,0.019782335,0.01832004,0.022130061,0.02133501,0.025066828,0.023376217,0.0288598,0.025655514,0.032834165
xx_238,0.008127975,0.018778596,0.020353941,0.021321416,0.02335569,0.023092017,0.027727649,0.025132922,0.031883206
xx_239,0.013309492,0.017855242,0.024754075,0.020662883,0.02654245,0.022829384,0.030220114,0.025071742,0.033452496
xx_240,0.00945556,0.018314835,0.0202065,0.020791454,0.023558293,0.022200352,0.027842063,0.024018025,0.032457825
xx_241,0.011815032,0.019334314,0.020793965,0.022066716,0.02420221,0.024059346,0.028202418,0.02588762,0.03245588
xx_242,0.012633294,0.011771596,0.019544668,0.01407287,0.023120312,0.016153237,0.027291166,0.01826209,0.032033913
xx_243,0.011805616,0.013442526,0.02069075,0.016178505,0.024589544,0.01832803,0.029703915,0.020801825,0.03452463
xx_244,0.021813206,0.014589908,0.021921808,0.0175987,0.02552164,0.01958037,0.030488707,0.021490712,0.035421442
Orgyia_antiqua,0.023258,0.011984197,0.020324335,0.014643403,0.025261119,0.016476458,0.030995915,0.018323341,0.036736798
Deilephila_elpenor,0.002786,0.021911852,0.03195742,0.024635307,0.034537453,0.027297594,0.0375358,0.03033143,0.039915003
Deilephila_porcellus,0.002806,0.022824395,0.028599475,0.025132287,0.03131141,0.027622482,0.034246404,0.030524736,0.03688098
xx_245,0.0100578545,0.010610963,0.016061995,0.014268477,0.019934379,0.016815992,0.025235476,0.019516008,0.030524043
xx_246,0.015582919,0.009550563,0.014058731,0.013915551,0.01794086,0.016951673,0.023644602,0.019942535,0.02918325
xx_247,0.008793693,0.012309246,0.019076968,0.015963012,0.021832183,0.01838967,0.02604607,0.02127398,0.030533763
Eupithecia_inturbata,0.010695,0.016493948,0.024204828,0.019473359,0.02834855,0.022066113,0.03300077,0.024732977,0.037626136
xx_248,0.011324253,0.0137411775,0.019220332,0.016875349,0.023008525,0.01940391,0.027748682,0.021965189,0.032771423
xx_249,0.017106157,0.0116752805,0.013369624,0.015337555,0.017425392,0.017792685,0.022864938,0.01986468,0.028658057
Macaria_notata,0.005826,0.011472501,0.010389813,0.01430832,0.016194828,0.016819088,0.022126365,0.019255096,0.028008964
Macaria_liturata,0.003737,0.011277595,0.01489702,0.014416203,0.01922835,0.016912214,0.024600597,0.019266907,0.029823087
xx_250,0.014921127,0.012471682,0.02063535,0.015684543,0.023942128,0.01817094,0.028599812,0.02051591,0.03346574
xx_251,0.01845395,0.011855431,0.017611165,0.014890317,0.02209131,0.017059999,0.027279813,0.019316357,0.032858208
xx_252,0.01941296,0.009933371,0.020946156,0.01285412,0.02430644,0.015273164,0.029736383,0.018432382,0.03469163
xx_253,0.021065973,0.0101613095,0.018078532,0.01294869,0.0223623,0.01540153,0.027692698,0.018105248,0.03305211
xx_254,0.0014630967,0.0070422837,0.028868666,0.009463729,0.032794543,0.011574432,0.03752654,0.013911279,0.042117897
Troides_aeacus,0.001239,0.007332427,0.029350018,0.009922754,0.033072162,0.012125911,0.03760572,0.014532378,0.042060956
xx_255,0.0022215352,0.0076131118,0.028722951,0.010096531,0.03217052,0.011896099,0.036587022,0.013643023,0.040964562
Ornithoptera_alexandrae,0.001949,0.0074566384,0.015902571,0.011184861,0.02066821,0.014201691,0.026369985,0.017474309,0.032074034
Dione_juno,0.008902,0.006101616,0.025944063,0.008854381,0.0299457,0.011418961,0.03486144,0.01396318,0.03987167
Dione_vanillae,0.00871,0.005569533,0.029452141,0.008352992,0.033977464,0.010984728,0.039274435,0.01372768,0.04447956
xx_256,0.005752179,0.00468301,0.026826588,0.007162057,0.030456832,0.009202067,0.035019804,0.011755814,0.03921297
xx_257,0.004286132,0.00514499,0.024458641,0.0071340986,0.028404878,0.009291061,0.032418348,0.011226086,0.037081223
Philaethria_dido,0.009638,0.0044900356,0.02950663,0.00716413,0.032363802,0.0091009345,0.03805814,0.011269856,0.043562513
Dryadula_phaetusa,0.009878,0.0048711128,0.027519362,0.0068013705,0.032769028,0.009574597,0.03812533,0.012299039,0.0438438
xx_258,0.0069011296,0.007700282,0.02579214,0.009775009,0.030538965,0.011670101,0.035901316,0.0141576305,0.041031044
Boloria_selene,0.008183,0.008665185,0.025027059,0.010813411,0.029856252,0.012748397,0.035231933,0.0152381165,0.04030679
xx_259,0.0065967566,0.008051203,0.028193792,0.010619482,0.032585178,0.013013125,0.037906006,0.01529177,0.04289723
Fabriciana_adippe,0.005666,0.007266465,0.03011653,0.009831414,0.035174243,0.012076667,0.040660854,0.014508242,0.04611069
xx_260,0.006154031,0.009256901,0.02709643,0.011895991,0.031046836,0.014115582,0.03552251,0.017036183,0.04030637
xx_261,0.006505661,0.00917117,0.024216827,0.0112412525,0.029407026,0.013356481,0.034908824,0.015998593,0.04023948
xx_262,0.006662027,0.0064123194,0.037109558,0.009610164,0.042215213,0.01251082,0.04769182,0.015579059,0.05315825
Junonia_oenone,0.006885,0.006164346,0.036630273,0.008793749,0.041495424,0.010929149,0.0469238,0.013502628,0.05184288
Nymphalis_polychloros,0.002985,0.005349431,0.026314313,0.009597616,0.03162506,0.011976209,0.03687158,0.015166566,0.04323279
Nymphalis_antiopa,0.003124,0.006922594,0.030191751,0.009847601,0.035413343,0.012924104,0.041192647,0.016309137,0.04685588
xx_263,0.0056053847,0.006335291,0.030061167,0.009391686,0.034736734,0.012606272,0.03972506,0.015777793,0.044407196
Erebia_embla,0.003379,0.0067199683,0.026675705,0.009392826,0.030580925,0.012730864,0.035448615,0.01610632,0.04022119
xx_264,0.009897525,0.0057372754,0.03099332,0.009065186,0.035412714,0.012289112,0.040271692,0.015334858,0.044836953
Hipparchia_semele,0.008282,0.0054210243,0.030130679,0.008877083,0.03495242,0.012112137,0.040358804,0.015688887,0.045645505
Lasiommata_maera,0.00568,0.004645313,0.027323375,0.008366728,0.03241748,0.011755962,0.037831903,0.015201826,0.043167245
Pararge_petropolitana,0.005767,0.005035949,0.028276166,0.008545398,0.0331789,0.012120191,0.038511414,0.015838685,0.043753006
xx_265,0.007243558,0.0028731544,0.027498977,0.0043078284,0.033752836,0.0067178644,0.039701123,0.009885321,0.04529284
Morpho_deidamia,0.007717,0.002906865,0.026614292,0.004291616,0.033207774,0.0057875467,0.039865155,0.008692395,0.045670245
xx_266,0.0033563464,0.0082374215,0.027615776,0.011308169,0.032057136,0.014628702,0.03698818,0.01818226,0.04186338
Pseudoaricia_nicias,0.003527,0.008636632,0.030858153,0.011321573,0.034994263,0.013256127,0.039636467,0.016677553,0.04425695
Lysandra_bellargus,0.00172,0.00790941,0.02863586,0.011599258,0.031920124,0.014222226,0.03644731,0.017095631,0.04050252
Lysandra_coridon,0.001504,0.009036613,0.032691155,0.012641017,0.03612843,0.016016487,0.040848635,0.019314755,0.045199107
Colias_phicomone,0.002937,0.006346346,0.036410045,0.009812719,0.041045632,0.012353862,0.046035614,0.016007056,0.050483372
Colias_nastes,0.001648,0.005775727,0.03901183,0.009179114,0.043455657,0.012620719,0.048335638,0.016318861,0.053081162
Notodonta_ziczac,0.004871,0.020683032,0.02952102,0.023750206,0.031821303,0.025830405,0.035604786,0.028409695,0.039082948
Notodonta_dromedarius,0.00474,0.019554576,0.027490309,0.022627143,0.029788842,0.024932975,0.033272207,0.027322913,0.036814276
Pheosia_tremula,0.00404,0.018278314,0.021267528,0.020753233,0.024037726,0.022561507,0.02784544,0.024340725,0.03174407
Pheosia_gnoma,0.003817,0.018395178,0.02290957,0.021657895,0.025889494,0.024250729,0.029796295,0.02683618,0.033854235
xx_267,0.007694725,0.018388718,0.020776466,0.020979239,0.023612946,0.022760881,0.027907344,0.024746021,0.032207146
Calophasia_lunula,0.017664,0.019744553,0.019269051,0.022030296,0.022947056,0.023928488,0.027150804,0.025970245,0.031211684
Diloba_caeruleocephala,0.017489,0.01987124,0.022857888,0.022599358,0.025074407,0.025063934,0.028281234,0.027252277,0.031598307
Allophyes_oxyacanthae,0.009163,0.016792595,0.025622705,0.019604404,0.027376764,0.021742495,0.03114835,0.023979109,0.03449154
xx_268,0.0066037932,0.01824067,0.022006951,0.02068503,0.02571452,0.022214023,0.030265324,0.024223708,0.03479854
xx_269,0.0081587685,0.018436192,0.017676396,0.020646976,0.020435411,0.022415683,0.024889704,0.023793757,0.029671073
Abrostola_triplasia,0.004383,0.019072743,0.021095183,0.022110168,0.024548449,0.024290271,0.028797839,0.025968911,0.033264827
Abrostola_tripartita,0.0048,0.01960734,0.020531865,0.022025246,0.023626713,0.023816625,0.027633019,0.025786916,0.031484343
xx_270,0.013875663,0.012520512,0.022162154,0.014956015,0.026129346,0.017005876,0.030371765,0.018925477,0.03484969
Herminia_tarsipennalis,0.016214,0.0105857635,0.016162103,0.0130874915,0.019246722,0.01516066,0.024089867,0.017774563,0.029155053
xx_271,0.009810672,0.013125602,0.019396063,0.015868908,0.023127973,0.017733006,0.028338356,0.019944638,0.03337059
Schrankia_costaestrigalis,0.022003,0.013990011,0.023307638,0.01686351,0.02789942,0.019711012,0.03279703,0.02295177,0.037513833
xx_272,0.01695028,0.014025872,0.022628276,0.016935807,0.026455905,0.018831693,0.031806074,0.020763282,0.036829483
Leucoma_salicis,0.022603,0.01532692,0.02088265,0.018517373,0.023999298,0.020653471,0.028714433,0.022563126,0.03355407
xx_273,0.009403873,0.010090088,0.015544736,0.013777239,0.019492807,0.016307041,0.024955435,0.018940836,0.0302588
xx_274,0.014799653,0.011442572,0.016844217,0.015096714,0.020675411,0.01766651,0.02570881,0.020454807,0.031013098
xx_275,0.015185131,0.009538712,0.014007736,0.014187445,0.017684372,0.01737629,0.023417188,0.02019103,0.029173959
xx_276,0.021006482,0.009589705,0.014105762,0.013455228,0.018354269,0.016389139,0.023916524,0.019540532,0.029251114
Eupithecia_subumbrata,0.006016,0.012498509,0.020293882,0.016209127,0.022885611,0.019318514,0.027192315,0.022414142,0.031654682
Eupithecia_subfuscata,0.00584,0.012128713,0.01790312,0.015602825,0.020689406,0.01755125,0.024950331,0.020164823,0.029443296
xx_277,0.010008816,0.011259562,0.016917828,0.014657882,0.021311872,0.01719248,0.026711106,0.019612296,0.032291617
Lycia_hirtaria,0.021901,0.018985825,0.023748577,0.022290047,0.026822645,0.02523799,0.030668106,0.02792425,0.034730464
Hypomecis_punctinalis,0.005705,0.0134272445,0.016765496,0.0167451,0.021010667,0.019192657,0.026392994,0.021135876,0.031897627
Ematurga_atomaria,0.006568,0.009341644,0.008910597,0.013756185,0.013184763,0.016387431,0.0191874,0.01873698,0.025503678
xx_278,0.017794648,0.010224475,0.016045297,0.013123681,0.02045861,0.015684402,0.025699792,0.018060345,0.031132475
Crocallis_elinguaria,0.018922,0.014742018,0.025277257,0.018392796,0.027756989,0.02114298,0.032109592,0.023594271,0.036584176
Colotois_pennaria,0.015439,0.01433551,0.01858135,0.017663559,0.022603078,0.020171475,0.02782393,0.022693,0.032876972
Hylaea_fasciaria,0.014232,0.009523351,0.01665568,0.012486971,0.021292998,0.0144431675,0.02705368,0.016483659,0.032993145
Plagodis_pulveraria,0.007167,0.008498542,0.020198978,0.011199821,0.024072085,0.01430942,0.029631246,0.01797201,0.03494006
Plagodis_dolabraria,0.007133,0.011357089,0.02151372,0.014420138,0.024683058,0.016332695,0.029737506,0.01894865,0.03459344
Apeira_syringaria,0.023486,0.01003653,0.020244911,0.013529706,0.02406395,0.016148176,0.029335447,0.019477695,0.034581136
Selenia_dentaria,0.018441,0.010248466,0.0164267,0.01249077,0.021017712,0.014785356,0.026444478,0.017088206,0.031924047
Troides_helena,0.000499,0.0069984524,0.029433059,0.00943528,0.03331,0.011519486,0.03799856,0.013804577,0.042630717
Troides_oblongomaculatus,0.000805,0.0070861722,0.0279143,0.009552686,0.031987086,0.011629293,0.03673233,0.014102702,0.0413281
Ornithoptera_richmondia,0.001551,0.007786037,0.026172467,0.010296853,0.029731737,0.012041959,0.034284398,0.013693314,0.038738225
Ornithoptera_priamus,0.000702,0.0075117517,0.029819297,0.0099937385,0.033258937,0.011845641,0.0376396,0.013644029,0.042023145
xx_279,0.0024767844,0.0046961936,0.027399179,0.007249125,0.030907286,0.00943093,0.03534597,0.012048738,0.03956851
xx_280,0.0037767724,0.004750913,0.025827987,0.0068790135,0.029940179,0.008961009,0.034325343,0.011241694,0.038773544
xx_281,0.0032540169,0.005000262,0.02234168,0.0067265206,0.02644457,0.008558898,0.03059201,0.010425482,0.03520082
Heliconius_doris,0.0056,0.0051583834,0.028177924,0.0079564415,0.03133183,0.010399571,0.03589777,0.012880284,0.0405042
Boloria_frigga,0.007734,0.007194513,0.026559541,0.009709213,0.03106988,0.011813812,0.03596133,0.014618685,0.040829826
xx_282,0.00668561,0.008048654,0.02519603,0.009970407,0.030027933,0.011455513,0.035861712,0.013796645,0.041238252
xx_283,0.0033811205,0.0070124534,0.028696397,0.009790156,0.032656793,0.011514139,0.038120504,0.013697426,0.043316215
Brenthis_hecate,0.003564,0.009216942,0.027710153,0.0114334645,0.032500558,0.014560717,0.03753114,0.017000204,0.042434063
Mellicta_athalia,0.003751,0.0085413605,0.021667263,0.010941283,0.026533334,0.013125741,0.032078076,0.01588482,0.037403606
xx_284,0.0036499621,0.0097633675,0.031794395,0.012730159,0.035652004,0.015386769,0.03940665,0.018402265,0.043746844
Melitaea_cinxia,0.006688,0.009649099,0.025963208,0.011602111,0.031315036,0.013551849,0.037026238,0.01655369,0.04231884
Melitaea_diamina,0.006333,0.008649246,0.022487408,0.010932198,0.02754335,0.013125474,0.033000097,0.015569774,0.03842277
Junonia_evarete,0.004834,0.0054951147,0.035337362,0.00836478,0.040620178,0.010847493,0.04609693,0.013447266,0.05158637
Junonia_coenia,0.004328,0.0071341842,0.038603436,0.010654716,0.043520182,0.013941265,0.049045786,0.017502375,0.054658905
Erebia_ligea,0.007287,0.006067042,0.030853204,0.00934409,0.036073256,0.012695511,0.04137156,0.016354388,0.0465553
xx_285,0.005579495,0.006461742,0.029310605,0.009478036,0.033730876,0.01244813,0.03829554,0.015430952,0.042855274
Satyrus_ferula,0.008309,0.006563074,0.03460989,0.009649194,0.03967304,0.0126856975,0.044939432,0.015318641,0.049450748
Oeneis_jutta,0.00849,0.0044318065,0.026612995,0.008253069,0.030751482,0.01204605,0.03592789,0.015825784,0.04074962
Morpho_achilles,0.003089,0.0029240283,0.027800309,0.0043619443,0.033839427,0.0066678305,0.039657105,0.010207488,0.04501819
Morpho_helenor,0.002674,0.0028342018,0.027245224,0.0042524505,0.033701513,0.0067663454,0.03973871,0.009604385,0.045509275
Aricia_agestis,0.001313,0.007676834,0.029620318,0.010744207,0.034243386,0.014230422,0.039293204,0.017847419,0.044265248
Aricia_artaxerxes,0.001392,0.008708421,0.025306713,0.011897142,0.02947081,0.015078013,0.034598447,0.018691953,0.03938898
xx_286,0.008878395,0.018033952,0.021090012,0.020637546,0.02390229,0.022347206,0.028466767,0.02423722,0.0330727
xx_287,0.011061734,0.018898591,0.020228555,0.02133083,0.023462998,0.023409314,0.02693344,0.02534605,0.031220358
xx_288,0.0066914647,0.018663706,0.024231283,0.021323608,0.027991705,0.023178436,0.03247757,0.02527317,0.03697354
xx_289,0.0075091384,0.017707746,0.019338513,0.019885441,0.022935491,0.021215482,0.027942965,0.023108594,0.032523695
xx_290,0.0067671933,0.018696819,0.018816922,0.021572327,0.021708116,0.023613725,0.025600135,0.025381727,0.030146899
Chrysodeixis_includens,0.006613,0.018047705,0.0164701,0.019977193,0.019249076,0.021179516,0.024167541,0.02235936,0.029308317
xx_291,0.014006965,0.012293245,0.02127437,0.014676864,0.025155982,0.016644621,0.02926475,0.018539818,0.033693817
xx_292,0.01755638,0.012799903,0.023221295,0.015262969,0.027320912,0.017486876,0.031729024,0.019409413,0.03634758
xx_293,0.0077259643,0.013816901,0.021090254,0.017028164,0.02457101,0.019190978,0.029428713,0.02109603,0.034578975
xx_294,0.014114332,0.011844605,0.015907498,0.013693901,0.02055177,0.015180347,0.026325913,0.017902654,0.03148382
Lymantria_monacha,0.008127,0.014552705,0.023357222,0.017434116,0.027051216,0.019423148,0.03219659,0.021533653,0.03721057
Lymantria_dispar,0.008212,0.013551161,0.02176942,0.016321708,0.025991715,0.01830601,0.031284723,0.0199292,0.036523666
xx_295,0.0125626065,0.010059541,0.016309412,0.0137867415,0.020309739,0.015957663,0.025945436,0.018462699,0.031383775
xx_296,0.012280544,0.0100705465,0.014801489,0.013782412,0.018704547,0.016624179,0.024001548,0.019450964,0.02919789
xx_297,0.014677605,0.011811094,0.015787367,0.015561749,0.019847278,0.018157491,0.025048142,0.020902153,0.030267859
Scotopteryx_chenopodiata,0.018272,0.010986685,0.018271532,0.014405203,0.021571433,0.017122222,0.026758384,0.019859299,0.0318858
xx_298,0.01464363,0.010049554,0.009791847,0.013926302,0.014556584,0.016657608,0.02035633,0.018874139,0.0260725
Philereme_vetulata,0.008354,0.009195993,0.016311502,0.014283693,0.019358717,0.017743742,0.025068432,0.021001048,0.030993544
Operophtera_brumata,0.015449,0.009761541,0.01477477,0.013466278,0.019364526,0.016418243,0.025015801,0.019408496,0.03069112
Epirrita_christyi,0.010933,0.009462348,0.01361883,0.013444601,0.017622225,0.016371533,0.023132352,0.019635487,0.028260812
xx_299,0.007623423,0.011077196,0.018248253,0.014464572,0.02282692,0.017042968,0.028521612,0.019475363,0.034308903
Alcis_repandata,0.016099,0.011447045,0.013812025,0.015045265,0.017602531,0.01755087,0.022867355,0.020106489,0.028264606
xx_300,0.020180317,0.010243353,0.0149264345,0.012675049,0.020209825,0.014810139,0.025864245,0.01679137,0.031153811
Opisthograptis_luteolata,0.020865,0.010239849,0.017211504,0.013564407,0.02072794,0.016530268,0.02554132,0.019374434,0.031126605
Heliconius_sara,0.003138,0.004616853,0.025683885,0.006496969,0.029347075,0.008251566,0.03417607,0.010228975,0.038715728
Heliconius_charithonia,0.001684,0.004787018,0.028243108,0.0075233267,0.03170685,0.0101311775,0.03593803,0.012962525,0.040047906
Heliconius_hortense,0.003053,0.0047655,0.024477446,0.006898932,0.02875085,0.008963319,0.033267688,0.011217222,0.037663765
Heliconius_erato,0.003148,0.0046917824,0.027227178,0.006889476,0.031106913,0.0089305835,0.03554533,0.011305432,0.039923154
xx_301,0.002534896,0.004456076,0.019541057,0.0060796053,0.023836281,0.007909606,0.028497957,0.00985932,0.03337315
xx_302,0.004275259,0.0056396783,0.026887488,0.007975918,0.030547664,0.009662422,0.03497363,0.011732291,0.038686663
xx_303,0.0056934296,0.008541183,0.025933487,0.010575769,0.030719234,0.012285083,0.036254913,0.014707876,0.041444357
Boloria_titania,0.005941,0.0075127813,0.02430467,0.009323732,0.029375989,0.010578369,0.035370857,0.012839276,0.041102838
Brenthis_daphne,0.002246,0.005661487,0.034878004,0.009028231,0.03797437,0.01113368,0.04350622,0.013289739,0.049166743
Brenthis_ino,0.002158,0.008035183,0.02220795,0.010176411,0.027329147,0.011871745,0.033183377,0.01443511,0.038474787
Mellicta_parthenoides,0.003413,0.009309831,0.039103147,0.01326544,0.042589888,0.01690611,0.04700483,0.020541796,0.051432617
Mellicta_aurelia,0.003295,0.009083509,0.023425877,0.011850931,0.027988113,0.014401624,0.032966193,0.017375663,0.037718054
xx_304,0.0064383848,0.006781047,0.027233383,0.009859631,0.031362418,0.01250701,0.035886902,0.015152471,0.04067752
xx_305,0.008497498,0.0058685895,0.03167553,0.008908409,0.036691785,0.012439232,0.04136614,0.015997926,0.04599834
xx_306,0.008135261,0.018720107,0.020743469,0.021377666,0.0237494,0.023049679,0.028191015,0.024871374,0.032421455
xx_307,0.014378741,0.016880848,0.021811254,0.019235348,0.023929471,0.021243181,0.029071536,0.023099221,0.034178976
xx_308,0.01313909,0.018676378,0.02000678,0.021495866,0.023005292,0.023562115,0.026547905,0.025725186,0.030633494
xx_309,0.012555056,0.01904023,0.02048797,0.021295428,0.023786217,0.023159133,0.027372887,0.025042452,0.031744614
xx_310,0.0078105154,0.018391434,0.02519498,0.021144658,0.028882563,0.023123708,0.033237506,0.025225667,0.037713222
Plusia_festucae,0.008274,0.018937102,0.02319439,0.021518653,0.026997993,0.023241142,0.031695616,0.025342163,0.036185615
xx_311,0.0040619904,0.017716032,0.019463072,0.020268662,0.022904405,0.021854134,0.027546855,0.023725264,0.032271914
Autographa_gamma,0.003645,0.017688848,0.019191025,0.019584585,0.0229943,0.020600742,0.028254043,0.022573577,0.03277328
Ctenoplusia_agnata,0.005933,0.017586414,0.017566916,0.020753877,0.019739786,0.023050388,0.023022696,0.024626786,0.027727477
Trichoplusia_ni,0.005848,0.01971763,0.019820694,0.022251137,0.023338791,0.024088664,0.027993899,0.026146974,0.032571334
xx_312,0.009310432,0.014623743,0.025094401,0.017278967,0.028405625,0.01936458,0.032710012,0.021699864,0.037054267
Tyria_jacobaeae,0.015751,0.008301369,0.014198718,0.0100261485,0.019566823,0.012157655,0.023755912,0.013479504,0.02875784
xx_313,0.024420632,0.011391844,0.02238562,0.014215024,0.026048912,0.01643078,0.030245032,0.019107679,0.034667194
xx_314,0.016473217,0.013613296,0.023757929,0.016083436,0.028054763,0.018046588,0.03278412,0.019706916,0.037498284
Lygephila_craccae,0.010878,0.013376692,0.023625122,0.01760372,0.026412,0.020086898,0.030669553,0.022207558,0.035721302
Catocala_fraxini,0.004585,0.013946082,0.020062178,0.016888436,0.023773516,0.01874955,0.028970938,0.0206904,0.034113467
xx_315,0.013684882,0.013623432,0.019486427,0.015744468,0.02387824,0.017334586,0.02924734,0.019806877,0.033742774
Parascotia_fuliginaria,0.016104,0.009593664,0.0110684475,0.0113221,0.016671127,0.012871862,0.02338864,0.015907329,0.029463084
xx_316,0.012756251,0.010248384,0.017217787,0.014566536,0.02036391,0.017065238,0.026009193,0.0197994,0.031375106
xx_317,0.012088075,0.00992763,0.015518071,0.013016443,0.020218657,0.014878734,0.025832307,0.017199317,0.03140813
xx_318,0.016271668,0.010729966,0.014390157,0.013955765,0.018888634,0.016419165,0.024701128,0.018865904,0.02989868
xx_319,0.013329157,0.00953424,0.015120353,0.013606643,0.018516803,0.016762849,0.023419715,0.01993706,0.028625384
xx_320,0.012298964,0.011612912,0.017818268,0.015585925,0.021227058,0.018610831,0.02656128,0.021673197,0.031703833
xx_321,0.01270942,0.012053087,0.013658873,0.015445592,0.018368961,0.017604686,0.023435315,0.020159282,0.028818743
Rheumaptera_hastata,0.006786,0.0114091085,0.0087406505,0.015126296,0.0137396,0.017744627,0.019728791,0.020195317,0.025732284
Rheumaptera_undulata,0.006098,0.008800308,0.010639649,0.012882683,0.0153297875,0.015665738,0.020889085,0.017728385,0.026457844
xx_322,0.016232315,0.013323123,0.02102306,0.016264025,0.024634024,0.018453337,0.029525861,0.020783743,0.034663923
Agriopis_aurantiaria,0.004926,0.010407571,0.01742165,0.0139965685,0.022363609,0.01667754,0.028250616,0.019093513,0.034240417
Perconia_strigillaria,0.016711,0.009223471,0.011624786,0.010734847,0.017563296,0.012586071,0.023379724,0.013916687,0.028836884
Siona_lineata,0.016822,0.011226236,0.018121935,0.014596644,0.022837937,0.017074373,0.02850436,0.019916922,0.033805992
Heliconius_ismenius,0.00323,0.0037063705,0.02468418,0.0059630657,0.028776504,0.008652634,0.03237007,0.011431175,0.036225904
Heliconius_melpomene,0.001524,0.004714155,0.017001078,0.0062271683,0.021562597,0.007561461,0.027034197,0.009207814,0.032237526
Heliconius_wallacei,0.002947,0.00536934,0.024834054,0.007599305,0.02864552,0.0092854025,0.03299513,0.011152046,0.037337106
Heliconius_burneyi,0.002662,0.005863112,0.02853065,0.008231425,0.032350622,0.01009791,0.036669265,0.012289501,0.04011245
Boloria_freija,0.005504,0.008133887,0.026145598,0.010197018,0.031064976,0.011780491,0.036672466,0.014202867,0.042073417
Clossiana_euphrosyne,0.004952,0.008883341,0.02571294,0.010937561,0.030452313,0.012720838,0.03582626,0.015188036,0.04090545
Erebia_aethiops,0.006943,0.0055770506,0.02531055,0.008547931,0.029890507,0.011609366,0.034711525,0.014703804,0.039359055
xx_323,0.007154373,0.008016208,0.029268907,0.01121528,0.032726344,0.013590041,0.03750299,0.015666818,0.042013854
Erebia_meolans,0.008116,0.0049504787,0.033517126,0.008092631,0.03882073,0.011588195,0.0437771,0.014993847,0.048353978
Erebia_medusa,0.008582,0.0067185503,0.029500546,0.009769728,0.034161672,0.013349543,0.03891833,0.017250627,0.043628663
xx_324,0.007873929,0.017705765,0.021135665,0.02039689,0.024044903,0.022260433,0.028426886,0.024216771,0.032724127
xx_325,0.013659929,0.020525273,0.019964494,0.023034286,0.02324799,0.024551025,0.027754514,0.026025314,0.031962566
Spodoptera_exigua,0.007058,0.015736263,0.02343284,0.018842412,0.027149031,0.020813247,0.031972498,0.022970749,0.03670453
Spodoptera_frugiperda,0.004928,0.017666942,0.020477187,0.01961539,0.021815877,0.021388708,0.027100516,0.023176422,0.03238504
xx_326,0.009274789,0.018236795,0.02189496,0.021240951,0.024807407,0.023625014,0.028188037,0.025949199,0.032229684
Craniophora_ligustri,0.012841,0.01932027,0.017198658,0.021697694,0.020314164,0.023627859,0.02425495,0.025426103,0.028440408
xx_327,0.009837301,0.0192443,0.02098242,0.021396223,0.024295779,0.022954993,0.028067544,0.024568835,0.032706957
Asteroscopus_sphinx,0.014801,0.018629499,0.019860798,0.02132791,0.0226762,0.023350948,0.026544461,0.02585367,0.030126076
xx_328,0.009336977,0.018233508,0.023020826,0.021149963,0.026464995,0.023085786,0.031052606,0.025232865,0.035458066
Diachrysia_chrysitis,0.007498,0.018434443,0.026841596,0.02115329,0.03063343,0.023147902,0.035065908,0.025298309,0.039554566
Autographa_pulchrina,0.002516,0.018107938,0.017177254,0.020970713,0.02045779,0.02294446,0.025061734,0.024812447,0.029872948
Autographa_bractea,0.002526,0.017214421,0.021622,0.019466942,0.02526924,0.020795593,0.030220682,0.022670725,0.03498063
xx_329,0.009050159,0.01644507,0.025880232,0.019138452,0.029241605,0.021132838,0.033578344,0.023382187,0.037932772
Callimorpha_dominula,0.010563,0.012307498,0.024076074,0.015263755,0.027295923,0.017190995,0.031796902,0.019905753,0.03617047
xx_330,0.023546971,0.011153316,0.016962519,0.014115436,0.020844959,0.016096663,0.025980772,0.018385343,0.030959649
Nudaria_mundana,0.02755,0.011092891,0.027975637,0.014208002,0.031762365,0.017173111,0.03600745,0.020440739,0.03988743
Cybosia_mesomella,0.010009,0.010816713,0.022303138,0.013973708,0.026160078,0.015862383,0.031373646,0.017998127,0.03637202
Lithosia_quadra,0.007556,0.015562533,0.024761315,0.017868627,0.02934503,0.019613678,0.03406036,0.02121549,0.03849626
Laspeyria_flexula,0.012929,0.012822648,0.017676065,0.014813575,0.022913229,0.015270905,0.02865865,0.018252926,0.032953482
Trisateles_emortualis,0.01227,0.014264646,0.021073813,0.016867068,0.02487561,0.019017622,0.02971835,0.02134119,0.034574952
xx_331,0.013328975,0.0106455395,0.016171074,0.014610121,0.019383844,0.017523816,0.024607362,0.020566959,0.029889327
Electrophaes_corylata,0.011878,0.009921251,0.018077256,0.0144474385,0.021223411,0.016737394,0.02717097,0.019097198,0.032767456
xx_332,0.008710004,0.009321352,0.016202927,0.012138938,0.02106231,0.0138233695,0.02687136,0.01625084,0.032499906
Ecliptopera_silaceata,0.015306,0.010898728,0.0142282,0.014623211,0.018462643,0.01673194,0.024076482,0.019005414,0.029597059
xx_333,0.016646456,0.010816371,0.01826866,0.013975178,0.022234147,0.016448146,0.02810299,0.018937001,0.03315651
Colostygia_pectinataria,0.016697,0.01048783,0.010101861,0.013850778,0.015497076,0.016429327,0.021341277,0.018978639,0.02693108
Hydriomena_ruberata,0.008339,0.01103948,0.015545865,0.014854116,0.018471783,0.017340953,0.023976067,0.02015903,0.029402183
Hydriomena_furcata,0.006762,0.008369508,0.014848089,0.012642594,0.018442625,0.01637117,0.023105018,0.019749917,0.027948368
xx_334,0.009230068,0.0114283115,0.019359399,0.015650844,0.022678848,0.01902426,0.027835734,0.022077635,0.033025656
Xanthorhoe_spadicearia,0.010558,0.011842449,0.015873482,0.015400927,0.019558975,0.018242272,0.024981905,0.021190496,0.03028407
Epirrhoe_tristata,0.00718,0.011640269,0.012501018,0.015293965,0.017179633,0.01758501,0.021567075,0.020260511,0.026859969
Epirrhoe_alternata,0.006414,0.012439245,0.01464026,0.015538177,0.01928773,0.017580876,0.025025815,0.020122826,0.030600283
Erannis_defoliaria,0.014273,0.010854028,0.017771266,0.013863982,0.022336913,0.016404696,0.02786902,0.018767776,0.033704277
Biston_betularia,0.014376,0.015845504,0.024237089,0.018927919,0.027232794,0.021001678,0.031609,0.023165502,0.03602156
Erebia_oeme,0.007341,0.009048928,0.033192,0.012194172,0.037248213,0.014956669,0.041624438,0.018331172,0.045581847
Erebia_parmenio,0.006977,0.0066443547,0.025213106,0.010509959,0.028530886,0.012409433,0.03398861,0.013547156,0.039234832
xx_335,0.0071905055,0.017458027,0.020575898,0.019918721,0.023756182,0.021518018,0.028274935,0.023500161,0.032365482
Thalpophila_matura,0.01208,0.01813632,0.022086395,0.021213505,0.024491496,0.02345664,0.028681569,0.02539833,0.033325985
xx_336,0.010759528,0.021005655,0.018611388,0.023306863,0.022695716,0.024494939,0.026778642,0.025696026,0.03143181
Pyrrhia_umbra,0.009639,0.020117288,0.021018503,0.022749344,0.024040775,0.024623577,0.028324194,0.026289808,0.032605648
xx_337,0.007880161,0.018111428,0.021214878,0.02111488,0.02435308,0.023277715,0.028032105,0.025353732,0.03216895
Acronicta_psi,0.008331,0.018390723,0.022737997,0.021347867,0.025076382,0.024030263,0.028596846,0.026561785,0.032184366
Amphipyra_tragopoginis,0.005773,0.019942287,0.017216131,0.02195492,0.021085061,0.023213105,0.025486227,0.024670057,0.030123621
Amphipyra_berbera,0.006048,0.018352121,0.025129497,0.020777298,0.027472833,0.02267236,0.0314883,0.02447919,0.035618614
Polychrysia_moneta,0.007213,0.016719013,0.025272725,0.019762555,0.028717266,0.022013078,0.03343806,0.024239141,0.03802441
Euchalcia_variabilis,0.007239,0.019674167,0.020470256,0.022618394,0.023978129,0.024257613,0.028570741,0.026418597,0.032977976
xx_338,0.00806137,0.01768298,0.027363684,0.020424755,0.030671097,0.022487737,0.034774277,0.024800071,0.03899687
xx_339,0.008435668,0.01508795,0.02414249,0.017725108,0.027745685,0.019777834,0.032317597,0.021898607,0.036935102
Miltochrista_miniata,0.013237,0.011827206,0.020025253,0.014369141,0.024146037,0.01606563,0.029214017,0.017802315,0.0339965
Thumatha_senex,0.014113,0.01023767,0.013394984,0.013827167,0.017299486,0.016169034,0.02289436,0.019189833,0.028056255
xx_340,0.014211664,0.010660021,0.015336701,0.014824753,0.018929385,0.017293544,0.024410093,0.020161664,0.029959949
xx_341,0.014825732,0.01062008,0.017092995,0.014396752,0.019927016,0.017751195,0.024798485,0.02100418,0.029803969
Eulithis_pyraliata,0.010005,0.011372699,0.018073322,0.013900632,0.022487346,0.01576352,0.028088115,0.017848708,0.033356063
Eulithis_prunata,0.004497,0.008428621,0.015353394,0.011313384,0.020374784,0.013069821,0.026441986,0.0155214565,0.032129467
Lampropteryx_suffumata,0.014714,0.010489768,0.018499728,0.014264021,0.022304125,0.016678588,0.028208284,0.018376868,0.03352893
Cosmorhoe_ocellata,0.015493,0.011089511,0.018081766,0.013802593,0.022127159,0.016099261,0.02803215,0.019591592,0.032695677
Xanthorhoe_designata,0.009364,0.010990196,0.019845601,0.015391243,0.022196459,0.018721744,0.02727499,0.021891378,0.03235813
Xanthorhoe_montanata,0.007621,0.011858084,0.019014673,0.015781675,0.023073789,0.019180391,0.028219484,0.022225983,0.033552326
xx_342,0.0056974264,0.018963054,0.0210167,0.021599745,0.023745835,0.023325406,0.028102415,0.025293894,0.03205165
Athetis_lepigone,0.013782,0.013881874,0.019224303,0.015910605,0.023733575,0.0173576,0.028697358,0.019335302,0.033361882
Helicoverpa_zea,0.002586,0.020819739,0.019245138,0.023107165,0.02303495,0.024543358,0.02705616,0.026413364,0.031149453
Helicoverpa_armigera,0.002038,0.021128546,0.01818071,0.023549387,0.022339301,0.024408568,0.026700756,0.025127923,0.031593397
xx_343,0.00940296,0.018000586,0.021399437,0.021503495,0.023610806,0.023250217,0.027448485,0.025711032,0.031164138
Acronicta_alni,0.008539,0.018095197,0.021174565,0.021006435,0.024677673,0.023073286,0.028784372,0.025144741,0.032971386
xx_344,0.007919316,0.016980346,0.026223676,0.019834917,0.029623443,0.021921473,0.03397967,0.024120947,0.038336884
Phragmatobia_fuliginosa,0.010354,0.018593626,0.028879981,0.021232566,0.032012302,0.023291755,0.0359723,0.025729798,0.03989375
Parasemia_plantaginis,0.006891,0.013691104,0.019240541,0.016095178,0.023746504,0.018015938,0.02900047,0.02012268,0.03416146
Arctia_caja,0.006104,0.016162047,0.028039314,0.019060168,0.031212471,0.021444898,0.035485826,0.023643859,0.039757363
Chloroclysta_siterata,0.007885,0.0092460625,0.01303931,0.014502356,0.016603466,0.016935263,0.022331111,0.020119794,0.028149385
Plemyria_rubiginata,0.010872,0.01245294,0.018519573,0.0154196005,0.022251043,0.017822541,0.027486077,0.020336995,0.032739602
Thera_obeliscata,0.006426,0.012224646,0.016157031,0.015796259,0.019260734,0.018834883,0.024491623,0.022260288,0.029314648
Thera_juniperata,0.007331,0.00861705,0.0181861,0.0129054105,0.020644125,0.016380351,0.025218396,0.019631255,0.030394128
xx_345,0.005692091,0.01823462,0.021064626,0.020875977,0.023837095,0.022574825,0.028409686,0.024508692,0.032479323
xx_346,0.007657453,0.019966843,0.02079668,0.022609966,0.023823086,0.02441105,0.027469942,0.026387626,0.031590376
Acronicta_leporina,0.008121,0.019315803,0.022680076,0.022185832,0.02506725,0.024330357,0.028655276,0.026488023,0.032269705
Acronicta_aceris,0.006931,0.01693328,0.020242872,0.020741588,0.022439392,0.022608638,0.026412833,0.02496924,0.030334722
xx_347,0.006037105,0.017545164,0.025955005,0.020460965,0.02922194,0.022638848,0.03338106,0.024874613,0.037687514
Spilarctia_lutea,0.007229,0.016316796,0.026493656,0.019018136,0.030124266,0.02111608,0.034664728,0.02319826,0.039178893
xx_348,0.0055443347,0.018712241,0.019957256,0.021294449,0.02269188,0.022931613,0.027197534,0.024890002,0.031223185
xx_349,0.009265113,0.017391628,0.022720553,0.020153172,0.025874816,0.022019455,0.030278316,0.02392004,0.034767944
xx_350,0.0061325887,0.019872794,0.02160693,0.022442767,0.024736378,0.024219131,0.028406862,0.026256558,0.03245361
Tholera_decimalis,0.014982,0.020179302,0.018831028,0.022895243,0.021318713,0.024980428,0.02542702,0.026742771,0.029523166
Diaphora_mendica,0.006334,0.018085517,0.027290456,0.021030162,0.030333646,0.022997363,0.034594376,0.025277872,0.038701527
Spilosoma_lubricipeda,0.003977,0.017176481,0.025143396,0.020143984,0.028480401,0.022408893,0.03273617,0.024659712,0.037057433
xx_351,0.006712366,0.019167341,0.021808047,0.021884024,0.02462206,0.023787303,0.02902149,0.025839567,0.032862652
xx_352,0.0072767697,0.018190557,0.017639752,0.020513142,0.020586235,0.022094268,0.02509326,0.02386396,0.029604955
xx_353,0.005328983,0.017113043,0.021382883,0.019869968,0.024753433,0.021730917,0.029211788,0.023632618,0.03351389
Charanyca_ferruginea,0.009294,0.017860241,0.025142789,0.020637577,0.027721327,0.022557346,0.032294586,0.024429828,0.036989603
xx_354,0.0056882985,0.019764952,0.020539613,0.022302648,0.023712961,0.02404121,0.027450899,0.026074847,0.031520456
xx_355,0.011342392,0.020071357,0.023714947,0.022628687,0.026697423,0.024702495,0.030483223,0.026631262,0.0343871
xx_356,0.0062418124,0.018697148,0.02030644,0.02145065,0.023017125,0.023419434,0.027262127,0.025491623,0.031063063
Euplexia_lucipara,0.008833,0.01975632,0.023625236,0.022427157,0.02706366,0.024391364,0.03129087,0.026377974,0.035679433
xx_357,0.005225936,0.018136496,0.017377323,0.020366287,0.02041698,0.021818634,0.02522388,0.023590535,0.029889176
xx_358,0.009352189,0.0182212,0.018018726,0.020946182,0.021014705,0.022504032,0.024799261,0.02444107,0.029073033
Caradrina_clavipalpis,0.007515,0.013935657,0.017343013,0.016919062,0.020884033,0.01895689,0.025723923,0.020498466,0.03068069
xx_359,0.0032718228,0.01838851,0.022914553,0.021130467,0.026398482,0.023053672,0.030811993,0.025069533,0.034967534
xx_360,0.0056914696,0.019665113,0.021040421,0.022162832,0.024298672,0.023869267,0.028148655,0.025915733,0.03225775
xx_361,0.0088992715,0.019946916,0.019737072,0.022441056,0.022729468,0.024388835,0.026392968,0.02631431,0.03039425
xx_362,0.006965033,0.019881574,0.02482549,0.022444762,0.027793234,0.024462573,0.03167693,0.026321216,0.03572739
Panolis_flammea,0.01135,0.020341756,0.0218458,0.02290967,0.024866248,0.025125565,0.028523043,0.02718515,0.03225768
xx_363,0.0037632203,0.019010168,0.020380467,0.021748032,0.023107,0.023644421,0.027365113,0.025663981,0.031156821
Hyppa_rectilinea,0.010902,0.017711297,0.020029636,0.020697884,0.022797812,0.022642097,0.02692053,0.025022652,0.030833831
xx_364,0.005069025,0.017926838,0.020489726,0.020117866,0.024404362,0.022185916,0.028494054,0.023883322,0.03323322
Ochropleura_plecta,0.003086,0.018227004,0.01523667,0.020409148,0.018174538,0.021724535,0.023268433,0.023457127,0.028190741
xx_365,0.004136007,0.018633122,0.020859512,0.021398017,0.023948632,0.023045566,0.027749257,0.025060203,0.031980284
Agrotis_puta,0.00551,0.017530337,0.013760071,0.020084659,0.01679043,0.022007285,0.02098556,0.023773737,0.025461989
Hoplodrina_octogenaria,0.002295,0.018251,0.022953575,0.021095816,0.026464514,0.022897739,0.031074034,0.025056798,0.03533248
Hoplodrina_blanda,0.002054,0.018470189,0.022926053,0.021226188,0.026302949,0.023129081,0.030560303,0.02511036,0.034688037
xx_366,0.010460338,0.017885018,0.020175666,0.020117912,0.023661781,0.021756597,0.027630923,0.023726782,0.031630337
xx_367,0.004618178,0.020421661,0.021374917,0.023003647,0.024551108,0.024795847,0.028377326,0.026859166,0.032568507
xx_368,0.007525383,0.019239161,0.0166424,0.021847025,0.019497907,0.023790453,0.023315161,0.025567962,0.027603004
xx_369,0.008822703,0.02056535,0.022968767,0.023008958,0.026370369,0.025246227,0.030059038,0.02736013,0.034054294
xx_370,0.0050966446,0.019586574,0.020561844,0.022133935,0.023705268,0.024168711,0.027868723,0.026039528,0.031983394
Orthosia_gracilis,0.006249,0.019757813,0.029801836,0.022919511,0.032538224,0.024827994,0.036821816,0.027056754,0.04097585
xx_371,0.0033314484,0.018718291,0.02049839,0.021522436,0.023209024,0.023420122,0.02753249,0.025364991,0.03139534
xx_372,0.00777133,0.019686976,0.020052584,0.022290144,0.02296027,0.024179097,0.026875775,0.02635633,0.030651746
xx_373,0.004600309,0.018238973,0.020357484,0.020467736,0.024246812,0.022508767,0.028336199,0.024133068,0.033110622
xx_374,0.0076368023,0.017249592,0.020820903,0.019754797,0.024450844,0.021471765,0.028953383,0.023491127,0.033384457
xx_375,0.004800705,0.018613316,0.020292418,0.021391544,0.023450715,0.022708038,0.027494246,0.024325753,0.031945277
xx_376,0.005296406,0.018647376,0.021618465,0.021421663,0.024277491,0.023441853,0.028285677,0.025857823,0.031898174
Polia_nebulosa,0.006083,0.017235281,0.017791465,0.019435113,0.021030288,0.020942878,0.02507421,0.022831444,0.029072309
Polia_bombycina,0.005916,0.018408306,0.022284161,0.02070946,0.025942523,0.022555571,0.03013476,0.024676507,0.034222007
xx_377,0.00489737,0.020295363,0.02145517,0.022882065,0.02463104,0.02474945,0.028447269,0.026892208,0.0326297
Leucania_comma,0.005622,0.020512098,0.021221202,0.023146413,0.024457231,0.024920937,0.028407747,0.026794191,0.032385673
xx_378,0.008098132,0.018224798,0.013845176,0.0207249,0.01707962,0.022404715,0.021424761,0.024017693,0.025796337
Hecatera_dysodea,0.009588,0.020339826,0.020044724,0.02332042,0.022237115,0.025480766,0.026004286,0.027636187,0.029947298
Lacanobia_oleracea,0.006894,0.019736223,0.019672967,0.022117062,0.023276575,0.024386715,0.027419865,0.026578302,0.031632654
Ceramica_pisi,0.007633,0.02123918,0.02654035,0.024104768,0.0296365,0.026219737,0.033498358,0.028511962,0.037041377
xx_379,0.005713493,0.019669214,0.019697493,0.022186702,0.022700274,0.02426853,0.026590984,0.026215525,0.030576533
xx_380,0.0062696775,0.019435871,0.02142409,0.02212548,0.024848957,0.024011392,0.02918698,0.025906216,0.033605084
xx_381,0.004900356,0.019364253,0.020631181,0.021984989,0.023072962,0.024215547,0.02712394,0.026160914,0.03080205
xx_382,0.004113824,0.018233165,0.020399578,0.021082914,0.023268761,0.02286217,0.027907884,0.024671474,0.03186565
Aporophyla_nigra,0.007885,0.018913513,0.018227546,0.020652326,0.021672329,0.022524975,0.025676988,0.024411427,0.029781617
Antitype_chi,0.005389,0.02028211,0.021160098,0.023195276,0.023877895,0.025431747,0.027576774,0.02763179,0.03135387
xx_383,0.008962741,0.019664891,0.02079927,0.021939553,0.024481528,0.023764644,0.028934365,0.025232889,0.033446692
xx_384,0.003958946,0.017606754,0.020182565,0.01984396,0.02406743,0.02198132,0.028161632,0.023675203,0.032953292
xx_385,0.005351576,0.017226445,0.020558925,0.019715877,0.024237068,0.021284517,0.028884515,0.023180867,0.03340198
xx_386,0.0056077437,0.01727497,0.02113298,0.019802779,0.024596222,0.02166354,0.029102024,0.02381115,0.03333308
Agrotis_ipsilon,0.004698,0.017772604,0.017047059,0.02019089,0.020837832,0.021204988,0.02612306,0.022930259,0.031061102
Agrotis_exclamationis,0.004908,0.019538816,0.02387942,0.022883551,0.025954943,0.024544174,0.029798089,0.026000863,0.03305957
Agrotis_segetum,0.00348,0.017409053,0.0186333,0.020271113,0.020938294,0.022640273,0.02469564,0.025299806,0.028423343
Agrotis_clavis,0.003845,0.01982014,0.024285227,0.022375738,0.027992785,0.024622036,0.032070976,0.0265957,0.036359962
xx_387,0.0047947974,0.019788295,0.01889204,0.022526285,0.022272618,0.024361696,0.026351493,0.026313365,0.030588428
Mythimna_ferrago,0.005375,0.020804549,0.024307596,0.023155607,0.027109032,0.025374362,0.031097755,0.02757433,0.035003733
Melanchra_persicariae,0.007662,0.01788763,0.014111714,0.020560239,0.017325293,0.021947257,0.021830717,0.023777405,0.026247034
Mamestra_brassicae,0.00721,0.018446332,0.013646495,0.021014242,0.016805435,0.022735834,0.021034189,0.024302652,0.025378466
Anorthoa_munda,0.00528,0.019581687,0.020467473,0.022047993,0.023477022,0.024069082,0.02738816,0.026007548,0.03140747
Orthosia_incerta,0.005384,0.019713,0.018896598,0.022386998,0.021851964,0.024424825,0.025790378,0.026467182,0.029729394
Orthosia_gothica,0.006271,0.01926814,0.022338644,0.021801291,0.025762055,0.0239401,0.029896766,0.025987335,0.034071296
Orthosia_cruda,0.005928,0.019605264,0.02056832,0.02238202,0.02400029,0.024131719,0.02857066,0.025806343,0.03319033
xx_388,0.004872267,0.019128988,0.019545939,0.021672737,0.021991424,0.023848424,0.026088536,0.0258224,0.029779097
xx_389,0.0088414345,0.019637154,0.0224038,0.022729324,0.025277894,0.024733273,0.0288555,0.026938565,0.032873932
xx_390,0.0044068294,0.018858442,0.020348711,0.021683192,0.023151921,0.023419708,0.027722472,0.025214555,0.031668186
xx_391,0.0059480434,0.017373541,0.020320931,0.020273373,0.023684269,0.022063052,0.027928,0.023969233,0.032259658
Cerastis_rubricosa,0.005841,0.019995391,0.020042587,0.02221359,0.023634914,0.024121676,0.027926574,0.025724683,0.032365676
Cerastis_leucographa,0.006073,0.019229652,0.02152711,0.02177834,0.025384976,0.02328366,0.029919254,0.0248253,0.03459437
xx_392,0.0038214193,0.017491572,0.020346345,0.01972983,0.024284594,0.021926012,0.028378325,0.023674803,0.033114288
xx_393,0.0054919356,0.017689703,0.019946842,0.020146174,0.023664085,0.021933058,0.028000869,0.023757271,0.032614715
Diarsia_dahlii,0.003511,0.017699571,0.020895995,0.019754874,0.024699831,0.021314252,0.029266704,0.023323797,0.033621863
Diarsia_mendica,0.003371,0.016820367,0.02024777,0.019619437,0.023821127,0.021328013,0.028520454,0.023005977,0.033202335
Diarsia_brunnea,0.004892,0.016502647,0.019922704,0.019140204,0.02322431,0.021053825,0.027637813,0.023116216,0.031940997
Diarsia_rubi,0.006228,0.018208276,0.022534011,0.020645363,0.026431398,0.02249019,0.03096061,0.024779389,0.035331935
xx_394,0.003590344,0.018635446,0.018903611,0.021289207,0.02239873,0.023076849,0.026644265,0.02508146,0.030920139
Mythimna_vitellina,0.003789,0.021076893,0.018814608,0.023736486,0.022109708,0.025916344,0.02604904,0.027616568,0.030284472
xx_395,0.005021119,0.018586623,0.016913459,0.021163851,0.020043189,0.02322967,0.023833219,0.025121616,0.027972046
xx_396,0.003070929,0.019419799,0.020959461,0.02196856,0.02331606,0.02422075,0.027283657,0.026271675,0.030983845
xx_397,0.008692995,0.020120054,0.02327361,0.023161601,0.02616269,0.025196755,0.029752832,0.027500797,0.033787433
Dasypolia_templi,0.013523,0.018823817,0.021103557,0.022077618,0.02367224,0.02398031,0.027629012,0.026105309,0.03143017
xx_398,0.0046561905,0.019246787,0.022866156,0.022256806,0.025326261,0.024253838,0.02951224,0.026072063,0.033490866
Tiliacea_citrago,0.005895,0.018414257,0.01686011,0.020841619,0.020785822,0.022484228,0.025235157,0.024131324,0.029720385
xx_399,0.008047294,0.018164217,0.019305443,0.020800149,0.022115823,0.02261558,0.026025739,0.024507398,0.029818937
Cosmia_trapezina,0.005104,0.01688403,0.020933947,0.019922636,0.024421537,0.021810174,0.029107638,0.023655204,0.03373882
Lycophotia_porphyrea,0.007214,0.018389396,0.022537068,0.021022834,0.026098078,0.023086073,0.03048437,0.025214989,0.034855314
xx_400,0.003686483,0.016977895,0.01925165,0.019170722,0.023264196,0.021290991,0.02748561,0.022985084,0.03226015
xx_401,0.006407338,0.017124962,0.01892649,0.019682616,0.022290364,0.021301137,0.026716428,0.023088649,0.031364292
xx_402,0.0055673085,0.018121002,0.020798802,0.020564722,0.024708183,0.02243492,0.029160706,0.024365565,0.03370152
Mythimna_impura,0.002683,0.019139,0.020378523,0.021824783,0.023922576,0.023643045,0.02825738,0.025654437,0.032601085
Mythimna_pallens,0.002957,0.018035335,0.017170828,0.0206174,0.020566424,0.022492193,0.02488182,0.024470443,0.02909919
xx_403,0.0036909864,0.018499255,0.0174134,0.021136753,0.020361979,0.023280624,0.023981232,0.025183555,0.028170122
xx_404,0.0047108606,0.01869095,0.016332755,0.021230666,0.01952429,0.023129854,0.023746386,0.025046786,0.027659629
xx_405,0.0025311504,0.019173726,0.020017136,0.021746805,0.022217834,0.024047816,0.0260405,0.026117954,0.029776618
xx_406,0.0047837496,0.019888904,0.022544153,0.02221706,0.025476955,0.02469498,0.029551972,0.026564414,0.03348072
xx_407,0.0077690156,0.021039855,0.022424549,0.024010269,0.025400685,0.02600453,0.028928762,0.02835354,0.032799516
Brachylomia_viminalis,0.009147,0.019030124,0.024341231,0.022051193,0.026908701,0.024325384,0.030888211,0.026455233,0.034942485
xx_408,0.0035979357,0.01923314,0.022286983,0.022374185,0.024230469,0.024360174,0.028365329,0.02631389,0.03222865
Eupsilia_transversa,0.00678,0.01942502,0.02410088,0.02191298,0.02752688,0.023811119,0.031623024,0.025487704,0.035826866
Parastichtis_suspecta,0.006933,0.018151904,0.0219857,0.020798407,0.02531973,0.022616316,0.029380217,0.024719624,0.03342882
Fissipunctia_ypsillon,0.006638,0.017983502,0.016445462,0.020767704,0.019034257,0.022664797,0.022838114,0.024470303,0.026775183
xx_409,0.0041066227,0.017568406,0.019769318,0.019734902,0.02382831,0.021798784,0.028028036,0.023462128,0.032768987
Anaplectoides_prasina,0.005696,0.016006155,0.018599011,0.018568017,0.022229828,0.020365154,0.026891697,0.022424245,0.031502474
Xestia_c-nigrum,0.00374,0.017492332,0.014161106,0.020071927,0.017627044,0.021781929,0.022402642,0.023620656,0.02716767
Xestia_ashworthii,0.003873,0.01641899,0.02331224,0.019134717,0.026710307,0.02106279,0.03148371,0.02272319,0.036303032
Xestia_xanthographa,0.004749,0.017748259,0.020924697,0.020193215,0.024936562,0.0219954,0.029673835,0.023861751,0.034344286
Xestia_sexstrigata,0.005139,0.018542582,0.020587824,0.020941235,0.02455293,0.022966113,0.028481383,0.02489189,0.03307241
Apamea_crenata,0.00407,0.018830458,0.01611017,0.021496749,0.018860148,0.023404164,0.022848798,0.02545514,0.026718058
xx_410,0.0036984724,0.01814713,0.018634714,0.02087598,0.021514425,0.023114255,0.025112817,0.024993444,0.029426748
Apamea_monoglypha,0.001342,0.018730614,0.016253835,0.02116426,0.019276222,0.022906408,0.023287391,0.024790317,0.02718537
Apamea_sublustris,0.001632,0.018581903,0.016442118,0.021378612,0.019855814,0.023362938,0.024137523,0.025369352,0.028375663
xx_411,0.0015928034,0.0190365,0.019545736,0.021385672,0.021785296,0.02335662,0.025867593,0.02540296,0.029809568
Luperina_testacea,0.002554,0.01936059,0.020925961,0.022485929,0.022765031,0.024997821,0.026231077,0.027431227,0.029854111
xx_412,0.004484901,0.02071068,0.022264067,0.023090418,0.025208231,0.025515066,0.029327065,0.027275233,0.033279996
Gortyna_flavago,0.006519,0.018485583,0.022950036,0.021150878,0.025769623,0.023245597,0.030005835,0.025662052,0.033778302
Dryobotodes_eremita,0.004506,0.022079393,0.02104739,0.025064398,0.02451773,0.027154,0.028413326,0.029594813,0.032183576
Griposia_aprilina,0.005469,0.019736117,0.024150936,0.022542277,0.026367715,0.024577033,0.02985738,0.026800985,0.033501163
xx_413,0.004379065,0.019344535,0.023069138,0.022226568,0.025812298,0.024309287,0.029404763,0.02614603,0.033395026
Lithophane_socia,0.003895,0.019190665,0.021394301,0.022384763,0.02308628,0.024478614,0.027205197,0.026468378,0.03140151
xx_414,0.004352101,0.0182268,0.020409843,0.020301636,0.02446882,0.022140358,0.028774213,0.023682227,0.033678476
Eurois_occulta,0.00573,0.016602486,0.018996818,0.019123921,0.022790462,0.021234002,0.027194716,0.02323596,0.031516816
Apamea_sordens,0.003147,0.018488044,0.01965822,0.021129122,0.02310774,0.023371859,0.02712325,0.025357153,0.03126661
Apamea_anceps,0.003229,0.017665487,0.01763142,0.020701217,0.0192875,0.022678759,0.023327176,0.02475445,0.027497021
Mesoligia_furuncula,0.004219,0.016349785,0.017913649,0.019116234,0.021209238,0.02089929,0.025691746,0.022839053,0.030142292
xx_415,0.00088478177,0.019576706,0.019824672,0.02190525,0.021968607,0.02386807,0.025875865,0.025962522,0.029780276
xx_416,0.0037729493,0.020608384,0.022244094,0.022958722,0.025189323,0.025390329,0.029318973,0.027189929,0.03327982
Hydraecia_micacea,0.004031,0.020694992,0.022297055,0.023430904,0.025264109,0.02551513,0.02928155,0.027411014,0.033292193
xx_417,0.0044901087,0.019337686,0.024592513,0.022402033,0.027062414,0.024601668,0.030454313,0.026363727,0.034561936
Agrochola_litura,0.00563,0.01940045,0.021144424,0.021871688,0.024250604,0.024026513,0.028074022,0.025824962,0.031958148
xx_418,0.0040758112,0.019672457,0.019755976,0.021673825,0.02423324,0.023291318,0.028983213,0.024721686,0.033891536
Noctua_pronuba,0.004386,0.016549392,0.021251187,0.018844195,0.024323393,0.02071968,0.028977064,0.022634946,0.033309758
Oligia_latruncula,0.001526,0.01883281,0.021190694,0.021887222,0.024182389,0.024017205,0.028461592,0.026271125,0.032463547
Oligia_strigilis,0.000623,0.019775838,0.01915116,0.02197063,0.021081138,0.02377724,0.024791813,0.025910417,0.02879405
Amphipoea_lucens,0.001595,0.022323117,0.023109103,0.024484742,0.02593678,0.0266031,0.029714685,0.02836763,0.03349047
Amphipoea_oculea,0.00177,0.01850665,0.021144351,0.021628961,0.024504084,0.023900846,0.028836992,0.02608011,0.033170946
xx_419,0.0051259277,0.018104522,0.02018222,0.02098887,0.023241794,0.022976661,0.027198063,0.0247395,0.031300284
Conistra_vaccinii,0.005621,0.020574043,0.029229483,0.02379835,0.031311292,0.026583266,0.034354623,0.028378466,0.03863174
xx_420,0.0036906502,0.018479658,0.019975979,0.02083708,0.023976998,0.022497093,0.028982395,0.024026582,0.034062035
Noctua_fimbriata,0.003628,0.02077076,0.019580957,0.022561029,0.024374349,0.023986606,0.029090827,0.025443407,0.033683635
xx_421,0.0067180125,0.018085038,0.021558857,0.021388475,0.024227902,0.023876693,0.027781872,0.02586317,0.03209378
xx_422,0.006054107,0.018118294,0.01895015,0.02065376,0.022392754,0.022115406,0.026617453,0.023732528,0.030599395
xx_423,0.004076927,0.017882291,0.021781893,0.020269662,0.026284887,0.021624725,0.03176439,0.023174528,0.037076898
Noctua_comes,0.003642,0.018919313,0.01808083,0.021378933,0.021716308,0.023274515,0.026436782,0.024896296,0.031597767
Xanthia_icteritia,0.00476,0.01827188,0.020242954,0.021219313,0.023559537,0.023346934,0.027548634,0.025346452,0.03162756
Xanthia_togata,0.005776,0.017880887,0.023297504,0.021654783,0.024853777,0.024373528,0.028255513,0.026452772,0.032548744
Agrochola_circellaris,0.004572,0.016318472,0.016759804,0.019328337,0.019936405,0.020781696,0.02408675,0.022019852,0.028316574
Agrochola_lota,0.004934,0.019997947,0.021061573,0.022036856,0.025035655,0.023551311,0.029263496,0.02564947,0.0333105
Noctua_janthe,0.001451,0.018933848,0.023259936,0.021562392,0.027055198,0.023143131,0.032369684,0.024875227,0.037503112
Noctua_janthina,0.001531,0.016812826,0.020125141,0.018876461,0.025519751,0.019998293,0.031115241,0.021382777,0.036689598
