species,count,x1,y1,x2,y2,x3,y3,x4,y4,x5,y5,x6,y6,x7,y7,x8,y8,x9,y9,x10,y10,x11,y11,x12,y12,x13,y13,x14,y14,x15,y15,x16,y16,x17,y17,x18,y18,x19,y19,x20,y20,x21,y21,x22,y22,x23,y23,x24,y24,x25,y25,x26,y26,x27,y27,x28,y28,x29,y29,x30,y30,x31,y31,x32,y32,x33,y33,x34,y34,x35,y35,x36,y36,x37,y37,x38,y38,x39,y39,x40,y40,x41,y41,x42,y42,x43,y43,x44,y44,x45,y45,x46,y46,x47,y47,x48,y48,x49,y49,x50,y50,x51,y51,x52,y52,x53,y53,x54,y54,x55,y55,x56,y56,x57,y57,x58,y58,x59,y59,x60,y60,x61,y61,x62,y62,x63,y63,x64,y64,x65,y65,x66,y66,x67,y67,x68,y68,x69,y69,x70,y70,x71,y71,x72,y72,x73,y73,x74,y74,x75,y75,x76,y76,x77,y77,x78,y78,x79,y79,x80,y80,x81,y81,x82,y82,x83,y83,x84,y84,x85,y85,x86,y86,x87,y87,x88,y88,x89,y89,x90,y90,x91,y91,x92,y92,x93,y93,x94,y94,x95,y95,x96,y96,x97,y97,x98,y98,x99,y99,x100,y100,x101,y101,x102,y102,x103,y103,x104,y104,x105,y105,x106,y106,x107,y107,x108,y108,x109,y109,x110,y110,x111,y111,x112,y112,x113,y113,x114,y114,x115,y115,x116,y116,x117,y117,x118,y118
Allancastria cerisyi,3,698.0,533.67,722.4,560.4,745.68,591.35,767.08,622.41,787.28,653.14,802.92,685.73,816.65,719.88,825.67,755.06,837.83,790.42,857.4,821.96,882.19,847.86,914.27,862.23,941.03,853.5,972.29,842.87,999.28,845.49,1026.79,828.15,1052.73,824.77,1082.42,845.17,1099.25,837.86,1088.72,802.18,1089.67,765.26,1096.26,728.89,1101.06,691.5,1108.33,655.7,1102.72,617.42,1091.54,582.87,1071.2,552.32,1052.84,520.39,1031.97,491.97,1018.0,465.33,1056.59,462.33,1096.68,461.26,1132.68,444.31,1160.1,417.27,1182.78,385.45,1199.55,349.18,1214.31,314.51,1227.33,277.72,1237.3,241.42,1246.0,202.92,1252.33,163.43,1249.66,122.7,1233.5,89.6,1199.3,73.68,1158.27,73.42,1119.98,82.66,1083.48,97.53,1048.76,117.57,1014.99,139.11,981.58,158.55,948.48,180.4,915.63,203.65,883.14,227.78,851.3,252.37,821.22,278.51,790.9,304.07,760.25,329.96,730.4,353.42,703.0,378.0,620.33,386.33,591.56,360.06,563.51,333.53,531.85,308.52,500.4,284.63,470.77,258.21,437.82,234.26,405.61,212.61,371.91,190.91,337.88,171.84,303.71,152.51,269.96,133.55,235.3,113.25,201.07,97.19,164.16,86.33,124.53,81.67,85.88,89.03,59.67,112.92,52.67,151.04,55.17,190.55,62.37,229.1,72.35,264.85,86.01,299.29,102.33,335.6,118.79,370.16,140.58,402.67,164.97,430.97,196.66,452.67,232.93,465.0,271.33,473.33,256.74,502.52,236.24,533.84,215.06,564.87,197.77,597.82,191.85,635.79,194.67,674.07,197.1,714.12,197.7,753.38,204.33,791.34,192.35,826.49,196.73,840.98,225.06,827.5,254.64,825.35,281.04,831.1,310.95,838.3,339.78,855.98,362.25,879.75,389.05,869.07,415.97,844.32,433.79,816.64,449.2,782.63,463.17,747.83,474.8,714.78,492.68,680.66,511.4,647.83,533.37,615.59,556.76,584.89,578.93,564.47,604.33,540.67
Atrophaneura dixoni,8,761.38,702.0,776.52,737.05,787.91,774.27,799.83,809.42,814.56,845.27,833.47,878.54,852.41,904.27,870.4,927.64,891.59,954.48,914.73,984.58,940.24,1013.74,968.42,1036.72,999.17,1052.42,1031.53,1066.3,1068.29,1070.38,1107.68,1066.32,1142.86,1052.91,1173.73,1029.86,1194.94,997.58,1214.1,964.0,1222.62,927.39,1216.15,889.18,1212.45,852.15,1206.78,814.51,1187.47,781.91,1164.24,750.74,1143.87,718.16,1120.59,686.47,1091.93,658.91,1066.12,631.38,1118.04,625.65,1169.31,614.38,1214.26,588.01,1252.63,551.05,1286.0,510.42,1310.96,465.42,1331.01,416.96,1348.92,367.8,1367.64,320.15,1386.64,271.57,1402.78,222.36,1413.74,170.7,1412.61,117.92,1382.96,80.94,1330.74,71.23,1277.04,76.52,1228.15,91.95,1181.59,113.6,1136.6,140.68,1094.37,172.36,1054.83,205.92,1014.09,241.26,973.46,277.29,935.02,313.73,897.98,352.14,863.27,391.52,830.74,432.94,799.81,475.44,766.62,513.62,677.0,506.25,646.22,467.15,616.74,424.83,585.71,383.48,551.99,343.85,516.28,305.52,479.28,268.2,441.16,233.04,402.77,198.27,363.06,163.6,322.01,130.74,278.83,102.58,233.67,79.89,184.72,64.14,133.27,58.5,82.81,67.68,53.38,105.21,53.17,158.09,62.47,209.42,75.53,259.6,91.97,307.54,109.06,355.45,123.65,404.75,140.83,453.09,163.8,498.17,193.13,539.2,229.11,577.95,270.65,608.74,320.57,621.66,370.5,628.62,344.8,654.21,316.65,678.83,294.24,708.64,272.91,739.9,248.83,768.26,227.51,798.68,221.07,834.95,218.51,872.5,211.24,909.55,215.16,946.31,233.54,979.24,252.85,1011.21,279.43,1037.09,311.31,1055.59,348.71,1064.04,386.32,1060.6,416.85,1044.58,447.37,1026.76,477.38,1007.43,504.65,983.2,529.31,954.91,550.54,924.54,571.65,893.39,592.49,862.34,611.31,831.18,629.37,798.51,643.82,764.98,657.07,730.0,675.25,701.75
Atrophaneura semperi,8,873.12,740.5,892.14,776.53,906.96,817.72,921.68,856.41,936.43,892.3,953.27,927.12,975.05,959.34,1001.19,987.94,1031.29,1012.95,1060.82,1035.39,1094.46,1054.52,1131.65,1065.47,1172.69,1065.25,1207.96,1052.12,1240.56,1037.62,1272.39,1037.01,1301.36,1032.65,1307.81,1013.06,1306.92,984.25,1316.17,951.78,1313.42,917.0,1298.91,881.49,1290.14,844.4,1271.92,810.42,1247.16,777.53,1226.35,744.7,1194.41,716.71,1161.53,689.73,1127.21,665.01,1092.12,641.38,1139.8,632.24,1190.24,620.55,1230.87,590.6,1260.77,550.24,1290.54,509.38,1319.82,466.7,1345.29,423.88,1370.58,380.15,1396.82,336.8,1424.18,293.81,1448.32,249.17,1465.06,201.87,1470.29,150.91,1442.68,114.28,1390.17,110.36,1338.49,118.16,1290.03,133.56,1244.2,153.84,1199.26,178.39,1158.35,205.71,1117.35,236.82,1077.5,270.72,1038.17,306.47,1003.08,343.71,967.86,382.92,934.6,423.26,904.16,464.26,876.97,507.12,847.88,545.25,747.62,544.88,716.04,501.1,684.62,453.13,650.15,405.97,614.2,361.52,575.11,318.21,534.79,276.79,492.06,237.16,447.16,198.56,401.6,163.19,353.26,131.44,302.97,104.71,250.44,82.37,195.8,65.36,137.22,57.25,78.83,62.43,50.91,105.49,59.43,163.15,79.37,215.66,105.45,266.4,136.24,313.14,165.07,361.97,192.49,411.77,220.66,460.43,250.86,506.12,285.07,551.22,320.23,597.14,365.38,630.27,420.8,643.29,474.88,650.75,440.61,681.81,407.66,716.63,373.47,751.03,344.69,787.75,325.89,831.21,300.62,870.26,291.21,915.12,282.59,959.91,269.55,1001.28,280.77,1042.69,289.1,1083.57,291.36,1119.72,315.56,1136.06,351.31,1139.21,394.75,1149.83,440.48,1149.35,482.27,1159.26,521.75,1147.5,558.0,1127.33,589.75,1101.91,619.34,1071.73,648.4,1036.79,677.38,1005.34,702.63,969.61,718.29,927.35,729.8,881.46,740.51,837.17,751.33,791.86,765.75,755.75
Battus belus,4,1405.0,1252.5,1437.36,1306.36,1468.14,1365.25,1501.49,1422.38,1531.91,1479.33,1565.43,1535.7,1586.83,1595.99,1626.6,1644.27,1676.26,1684.73,1715.6,1728.35,1761.04,1765.23,1814.88,1781.34,1874.7,1767.21,1939.59,1757.63,1994.72,1728.86,2047.66,1700.2,2094.43,1662.54,2132.81,1614.44,2179.41,1575.01,2205.09,1516.71,2243.29,1471.9,2250.27,1408.93,2257.65,1351.8,2249.69,1290.26,2222.77,1235.62,2194.11,1181.36,2148.52,1132.07,2098.83,1088.88,2044.37,1050.12,1996.75,1014.75,2092.63,1006.59,2184.99,988.38,2260.43,939.99,2319.62,873.66,2367.93,794.6,2410.06,710.92,2451.77,626.99,2495.92,545.9,2544.87,465.56,2589.71,383.7,2624.44,297.49,2644.75,206.0,2630.65,117.33,2552.19,80.7,2454.72,81.25,2361.19,102.05,2271.43,132.82,2187.56,172.31,2108.32,217.68,2029.45,268.08,1954.01,322.91,1879.86,382.14,1806.36,445.64,1736.83,512.28,1669.57,580.68,1605.32,650.59,1542.22,723.52,1482.87,797.77,1426.0,870.0,1272.0,859.0,1209.58,790.02,1149.43,712.68,1084.45,639.08,1019.29,568.04,951.25,498.83,879.76,430.76,807.43,365.68,732.65,306.05,655.8,249.55,576.95,198.6,494.03,151.87,409.3,110.5,318.87,79.06,224.83,58.06,125.65,58.25,57.56,108.26,56.15,203.31,79.38,296.08,117.22,382.72,163.04,464.76,209.9,546.91,251.75,631.79,293.56,717.19,335.8,800.85,378.68,883.54,443.97,949.94,527.55,988.64,628.41,995.61,728.5,1001.0,674.33,1036.17,614.93,1070.01,559.98,1110.52,511.6,1160.93,468.03,1214.45,428.7,1271.21,420.12,1330.26,423.47,1393.55,432.64,1455.33,463.39,1509.87,489.08,1570.12,528.51,1613.4,575.85,1656.83,613.79,1701.29,671.33,1726.75,726.45,1763.46,794.68,1764.8,854.75,1795.75,910.76,1769.5,955.11,1730.92,998.5,1689.96,1036.11,1637.14,1071.57,1581.11,1107.5,1522.37,1141.28,1461.39,1176.76,1402.8,1209.1,1343.12,1238.07,1286.09,1271.75,1231.75
Battus polydamas,6,1091.17,902.33,1113.66,940.78,1131.14,991.73,1149.85,1042.4,1169.58,1092.89,1184.23,1144.69,1198.39,1197.27,1217.8,1247.45,1242.89,1294.29,1278.51,1330.75,1314.86,1364.14,1337.72,1410.37,1372.43,1439.79,1422.45,1435.66,1472.62,1421.24,1518.82,1401.43,1563.54,1380.29,1598.49,1359.82,1613.73,1312.05,1644.8,1274.02,1668.67,1232.6,1683.36,1181.59,1698.46,1131.43,1701.5,1081.37,1699.81,1027.75,1688.09,975.77,1670.18,926.57,1643.0,879.94,1610.42,838.06,1578.0,800.67,1644.62,791.33,1711.08,775.28,1769.23,745.52,1806.19,688.7,1838.04,628.53,1858.44,562.88,1874.14,496.57,1904.49,435.75,1946.67,381.83,1988.21,326.46,2021.99,269.03,2041.84,202.1,2032.4,135.76,1981.95,98.4,1911.54,89.39,1840.38,95.44,1772.42,111.77,1706.54,134.33,1643.72,164.3,1583.9,197.24,1526.29,234.38,1469.42,273.77,1414.55,317.07,1361.14,361.22,1307.75,406.75,1256.2,456.34,1208.58,507.68,1162.46,561.13,1114.83,610.83,979.5,612.83,936.33,562.27,894.44,506.99,846.54,453.97,798.93,404.26,747.52,354.76,694.66,307.83,642.66,263.82,586.86,221.03,529.08,180.92,470.14,144.88,408.97,113.41,345.27,88.02,279.11,68.24,211.01,57.19,141.23,59.68,80.37,85.13,58.57,143.7,66.29,210.58,94.39,273.28,132.5,330.59,170.26,387.18,200.37,446.78,218.44,511.76,239.26,576.93,268.12,639.26,300.72,696.5,350.68,735.12,413.48,756.11,468.0,776.5,437.87,814.98,408.14,857.27,381.69,902.46,362.24,949.78,351.03,998.73,347.28,1050.5,346.0,1097.46,361.74,1144.25,373.19,1194.43,393.31,1236.02,425.72,1272.32,440.16,1319.29,475.64,1341.08,517.12,1365.27,561.97,1384.2,607.27,1396.38,650.31,1397.26,689.14,1377.19,717.71,1337.42,757.63,1312.23,790.81,1275.44,818.84,1232.18,837.03,1182.52,855.37,1132.67,876.57,1084.72,900.28,1038.0,921.68,990.94,941.06,941.86,965.0,900.0
Bhutanitis thaidina,1,1016.0,770.0,1083.32,830.32,1139.3,905.3,1189.91,977.91,1233.0,1058.23,1258.0,1143.21,1283.14,1228.14,1369.83,1249.83,1410.95,1325.0,1463.96,1265.0,1528.22,1312.22,1576.13,1387.13,1577.91,1338.91,1533.96,1258.96,1589.39,1203.39,1672.33,1231.33,1737.43,1286.43,1799.24,1357.24,1870.45,1407.0,1909.0,1341.13,1844.35,1283.35,1767.22,1236.0,1693.18,1184.0,1618.85,1127.85,1621.09,1047.09,1561.35,986.35,1567.0,903.59,1526.0,826.65,1511.84,736.84,1442.0,684.0,1496.0,674.0,1559.04,663.96,1613.01,631.99,1653.46,589.54,1690.38,541.62,1723.06,487.94,1756.44,435.44,1788.53,383.47,1817.66,328.34,1841.0,273.62,1855.68,213.32,1858.0,148.73,1837.74,90.74,1786.27,57.0,1722.79,50.0,1659.72,60.0,1603.2,85.8,1550.5,116.0,1501.56,146.44,1448.88,180.12,1396.38,215.62,1347.05,255.95,1296.72,295.28,1250.09,337.91,1202.17,378.83,1156.43,423.57,1112.15,471.85,1068.57,520.43,1028.0,566.0,927.0,575.0,881.0,532.94,837.28,488.28,790.48,449.48,742.85,405.85,694.22,367.22,643.43,328.43,590.89,291.0,538.24,255.24,484.98,220.98,431.59,187.0,376.98,156.0,320.95,127.0,262.85,103.0,199.36,92.0,135.62,96.38,81.0,121.4,54.41,175.59,51.0,241.4,72.0,300.74,90.06,359.06,120.0,413.87,155.0,464.59,190.22,511.22,228.02,561.02,271.18,611.18,315.22,657.22,367.86,693.0,429.27,709.0,494.0,713.0,431.7,769.3,423.05,860.95,391.23,942.23,396.51,1028.49,352.21,1099.21,347.44,1174.56,285.37,1227.63,214.53,1281.47,143.28,1338.28,78.32,1395.32,117.66,1462.66,185.89,1411.11,239.56,1342.44,302.76,1279.24,377.4,1236.0,451.25,1273.25,423.84,1358.16,418.37,1426.63,458.89,1349.11,511.41,1283.0,573.62,1336.38,618.9,1262.1,692.99,1222.01,719.0,1138.72,743.0,1050.94,778.56,976.44,824.04,898.96,876.0,825.6,932.0,754.0
Byasa alcinous,9,1071.22,905.22,1109.25,971.61,1148.31,1047.46,1188.03,1124.52,1227.43,1199.55,1277.73,1263.75,1324.62,1329.7,1354.44,1409.09,1413.72,1450.72,1488.86,1451.28,1545.81,1505.78,1603.57,1502.13,1673.08,1482.0,1739.97,1531.09,1796.56,1596.17,1853.64,1659.84,1918.73,1658.45,1910.21,1594.91,1855.84,1532.2,1789.84,1474.62,1725.7,1413.69,1695.45,1341.07,1712.85,1277.54,1691.53,1216.16,1664.7,1144.47,1645.39,1074.26,1618.86,1004.56,1578.61,933.06,1525.74,868.13,1474.22,805.89,1540.96,798.94,1608.69,784.57,1664.11,746.57,1710.04,693.51,1745.56,635.87,1783.79,580.46,1820.27,522.69,1852.73,461.24,1883.78,398.97,1914.38,337.34,1942.19,275.51,1963.42,209.13,1962.45,140.02,1920.78,92.53,1852.49,76.13,1781.56,80.4,1714.19,98.66,1649.3,123.98,1587.62,155.27,1528.82,190.81,1472.11,229.62,1417.59,273.12,1364.51,317.41,1311.18,363.53,1259.62,412.4,1211.63,463.49,1167.32,517.23,1128.15,572.15,1090.33,627.0,976.78,629.44,936.19,580.27,897.0,523.21,852.97,469.5,807.41,415.61,757.93,364.46,705.32,316.54,652.65,270.9,597.77,225.89,542.25,183.92,482.74,145.92,422.36,112.73,359.04,85.18,292.86,65.02,221.93,58.2,152.23,68.27,107.04,113.66,101.07,179.04,119.84,245.14,146.2,308.8,175.62,371.29,205.15,433.31,235.71,494.17,269.01,553.46,304.12,611.51,344.7,668.57,388.66,721.52,444.95,760.05,510.55,779.24,576.67,792.11,523.73,847.43,468.86,908.42,426.71,978.03,399.11,1044.41,383.29,1119.06,334.76,1179.07,332.57,1239.23,349.12,1303.76,311.14,1368.6,255.51,1428.02,190.14,1484.62,130.16,1543.99,113.11,1615.48,177.42,1631.94,233.22,1568.5,289.4,1503.38,354.2,1455.37,424.08,1467.09,483.03,1477.32,539.2,1426.76,610.98,1422.62,672.02,1390.93,704.96,1316.46,752.45,1257.34,803.21,1193.67,844.73,1119.39,886.32,1045.96,924.92,969.83,968.33,903.22
Euryades corethrus,4,1063.25,920.5,1094.83,954.55,1121.63,997.76,1151.48,1041.69,1184.63,1086.85,1217.15,1130.65,1251.06,1174.87,1284.15,1215.03,1322.27,1251.32,1354.8,1289.17,1370.62,1340.02,1396.48,1384.74,1440.12,1393.48,1484.93,1405.86,1533.38,1416.32,1577.22,1386.28,1622.56,1377.12,1658.85,1347.86,1681.86,1304.22,1717.95,1270.11,1739.84,1222.19,1751.06,1174.69,1769.34,1125.3,1764.23,1073.47,1749.35,1023.81,1735.86,973.09,1712.4,929.7,1676.32,893.86,1634.06,861.19,1597.5,822.0,1648.74,794.81,1703.39,761.61,1747.3,711.95,1780.43,655.14,1801.45,594.05,1820.02,537.76,1839.99,476.85,1864.8,417.07,1895.55,362.15,1920.54,307.4,1939.18,245.39,1950.0,180.24,1931.47,120.74,1881.25,87.23,1813.92,84.0,1748.93,98.5,1686.32,124.18,1627.96,158.05,1573.54,196.96,1518.84,237.39,1466.5,279.75,1414.1,322.65,1362.61,367.14,1314.12,410.59,1264.4,455.85,1214.26,501.44,1166.63,550.62,1120.03,602.21,1072.25,647.75,938.25,655.75,889.39,612.89,842.33,559.08,790.41,509.15,737.81,458.56,686.9,411.15,634.81,362.56,581.52,313.75,527.3,266.66,473.86,222.36,418.04,178.72,360.06,138.56,299.28,103.23,234.71,75.87,166.15,61.67,98.33,74.56,60.41,120.04,55.63,182.11,67.1,246.69,85.62,311.71,108.66,374.61,134.8,431.36,158.56,491.51,179.26,553.87,203.26,610.54,225.81,666.98,263.48,721.05,309.58,765.23,371.24,792.75,429.0,808.5,393.86,843.39,351.41,877.32,307.83,908.29,273.51,950.07,255.2,1001.92,246.68,1056.2,232.64,1106.92,246.52,1159.73,262.71,1210.86,281.08,1262.29,315.57,1304.37,340.39,1347.72,383.38,1374.69,431.76,1394.65,473.09,1427.5,522.98,1418.42,573.99,1427.36,618.43,1405.09,634.7,1353.5,651.5,1301.59,680.66,1256.28,721.92,1220.69,759.65,1178.3,788.17,1137.3,822.24,1099.21,855.02,1053.71,885.68,1007.77,914.82,960.2,947.0,915.5
Graphium agamemnon,53,680.79,665.57,696.47,694.06,707.11,727.43,717.55,761.0,730.05,794.03,743.13,826.99,758.4,858.29,777.12,886.14,798.16,913.06,819.67,940.42,841.21,967.85,868.22,986.78,900.46,993.98,933.57,997.57,964.61,1000.88,993.29,1002.36,1009.11,986.06,1009.11,956.55,1013.16,928.97,1019.5,897.63,1030.13,866.76,1039.75,835.14,1044.81,801.75,1050.83,768.06,1051.14,733.59,1045.31,699.59,1032.94,668.03,1012.47,641.09,985.83,618.47,963.0,596.79,1002.61,584.68,1042.38,565.23,1071.61,531.33,1093.24,491.58,1110.3,449.33,1121.78,405.0,1131.11,359.7,1142.61,315.92,1162.07,274.9,1186.93,236.0,1209.7,196.56,1226.08,154.04,1229.96,108.51,1209.21,73.86,1165.36,66.44,1119.23,73.81,1075.35,88.27,1033.28,107.24,993.31,130.46,954.7,156.14,918.61,184.42,883.78,214.76,849.93,246.49,816.96,279.46,786.01,314.09,757.03,350.35,731.02,388.6,708.63,428.72,685.91,465.0,593.4,464.32,570.39,428.74,548.15,389.0,522.81,350.87,494.29,314.77,463.52,280.02,430.98,246.77,397.18,215.15,362.38,184.77,325.81,156.42,287.86,131.38,248.46,108.92,206.79,90.17,163.19,76.26,117.51,68.96,74.71,77.16,54.92,111.28,58.08,156.0,73.74,198.61,96.09,237.98,120.23,276.61,139.87,316.79,151.64,360.14,160.52,405.26,172.22,449.27,188.34,491.55,209.65,531.6,238.49,564.79,276.79,584.56,314.96,597.89,291.95,619.67,266.28,642.34,246.63,669.56,234.22,701.55,229.49,735.78,228.84,770.0,235.7,803.36,243.05,836.56,251.42,868.0,260.66,899.85,270.34,929.26,274.27,958.23,275.47,987.1,293.19,1002.58,320.61,1002.2,351.46,998.22,383.12,993.01,413.82,981.92,441.04,962.89,462.37,937.87,484.1,911.92,503.73,885.39,521.15,856.86,536.58,825.57,549.38,793.32,560.63,760.41,571.55,727.32,583.0,694.29,600.09,669.08
Graphium androcles,18,842.5,599.72,873.76,646.49,895.73,705.06,918.49,763.71,945.29,820.88,982.49,869.46,1022.95,915.96,1070.75,929.4,1128.86,927.83,1187.01,938.57,1239.52,973.05,1289.34,1014.09,1340.35,1054.93,1391.46,1094.61,1443.08,1133.48,1495.06,1171.18,1524.39,1179.56,1484.18,1143.32,1434.62,1101.44,1386.62,1057.39,1341.26,1011.3,1296.68,963.93,1255.29,916.42,1223.02,865.01,1214.02,808.76,1216.02,750.57,1212.04,690.89,1191.77,633.42,1151.83,587.04,1106.89,548.44,1144.35,538.5,1185.17,527.01,1215.4,501.49,1233.15,464.26,1243.96,422.76,1251.85,379.85,1256.84,336.35,1263.53,292.77,1276.16,251.76,1294.5,213.28,1315.6,177.28,1332.17,139.29,1340.01,97.74,1319.84,63.88,1276.55,58.44,1232.56,64.42,1190.85,75.58,1150.68,90.95,1112.33,109.01,1075.29,129.48,1039.09,153.21,1004.7,178.88,971.55,206.91,940.29,236.95,911.76,268.98,887.28,303.73,866.77,341.39,850.67,380.98,838.22,420.17,778.17,415.5,764.54,380.05,748.22,341.79,729.4,305.47,705.14,270.33,677.27,238.16,647.21,208.51,614.12,180.02,579.7,154.14,543.83,130.23,506.98,108.92,468.56,90.47,428.78,74.69,387.38,62.88,343.97,56.44,300.92,61.32,277.51,90.62,282.27,132.95,298.66,170.98,319.4,208.12,337.97,245.61,350.86,285.68,357.3,328.47,362.52,371.51,370.42,413.49,380.87,454.76,396.58,493.54,422.91,522.41,463.43,535.13,500.0,545.39,454.13,584.25,417.44,632.51,399.68,690.2,396.04,750.22,396.32,808.56,381.68,864.66,343.74,914.77,298.02,962.9,251.39,1009.53,203.27,1054.78,153.83,1096.69,103.35,1134.61,60.54,1168.87,95.2,1157.88,148.63,1124.74,201.73,1087.61,254.78,1048.68,306.34,1008.85,358.25,967.7,411.83,930.96,470.83,921.58,529.93,921.01,579.99,909.84,620.26,864.97,659.79,817.7,688.79,761.64,712.08,702.57,735.29,643.42,766.89,594.5
Graphium evemon,12,665.33,678.42,682.6,703.0,692.67,737.35,702.84,772.08,712.84,806.66,724.38,841.39,736.78,875.11,752.59,907.0,773.71,935.57,795.64,963.99,815.15,993.29,834.67,1024.07,861.09,1045.61,892.94,1057.34,924.01,1053.09,955.19,1038.98,974.21,1014.46,982.73,981.49,999.81,953.78,1010.02,923.07,1007.73,890.33,1018.9,859.31,1030.42,827.88,1038.05,794.48,1045.32,760.72,1041.34,726.31,1030.66,693.83,1005.9,669.77,977.78,648.98,958.92,629.17,1002.84,619.19,1043.88,600.33,1076.44,566.12,1100.16,527.76,1110.11,482.45,1117.83,435.47,1124.71,388.29,1133.6,341.34,1147.93,297.1,1166.74,254.25,1188.44,213.21,1205.17,170.48,1212.2,123.68,1200.25,82.82,1158.22,71.79,1112.11,82.95,1068.36,100.5,1027.46,121.73,987.52,146.12,949.23,173.58,911.47,203.08,875.83,233.83,841.71,266.29,808.21,300.16,776.72,336.09,746.43,373.9,719.71,412.85,695.98,453.59,673.08,492.0,579.08,488.5,556.31,453.28,533.88,411.86,508.75,371.95,481.51,334.77,451.07,298.25,418.06,262.25,384.14,228.01,349.46,196.29,312.65,165.41,273.9,136.98,235.03,111.95,193.92,89.25,150.5,71.46,104.35,60.13,62.37,71.47,50.7,115.65,58.76,163.12,75.84,206.57,95.99,249.04,113.3,293.1,125.27,338.99,132.52,386.71,137.42,434.4,144.36,482.09,157.11,527.53,182.73,567.0,215.54,597.88,258.65,613.74,298.83,625.75,271.99,646.54,243.69,667.1,220.29,691.5,209.45,722.46,205.37,757.57,213.5,790.48,217.96,825.54,232.38,857.2,237.23,890.68,238.38,924.79,253.51,953.39,267.35,982.59,275.64,1015.32,297.76,1037.17,327.09,1053.16,358.95,1055.27,390.81,1043.45,416.43,1021.6,435.68,991.62,454.12,961.97,474.37,935.03,494.24,907.86,510.77,877.26,522.72,844.95,532.91,811.87,542.73,778.28,552.33,744.75,562.72,711.93,579.17,686.25
Hypermnestra helios,1,613.0,563.0,633.8,578.8,657.73,598.73,681.11,618.89,700.62,642.62,718.72,668.72,737.81,693.81,755.61,716.61,775.42,741.42,795.22,766.22,818.14,789.14,843.65,808.65,872.09,821.09,904.89,821.0,935.12,812.88,961.67,799.33,986.53,786.47,1010.74,765.26,1033.67,742.33,1049.0,715.09,1057.13,684.87,1066.74,655.26,1073.0,625.68,1077.0,597.4,1072.79,566.21,1059.07,539.07,1038.26,515.26,1011.0,500.0,982.38,488.0,956.0,472.0,962.19,462.0,997.69,450.31,1028.31,429.69,1053.0,400.75,1071.0,367.87,1081.23,331.77,1088.0,295.9,1091.0,256.8,1090.0,217.71,1089.0,177.79,1084.0,139.52,1073.99,104.99,1055.24,73.24,1025.05,53.0,986.37,51.0,950.42,61.58,917.92,79.08,886.47,100.53,857.68,127.0,830.28,154.0,802.34,179.66,779.06,206.94,754.48,236.52,731.0,267.12,707.34,297.66,684.47,322.53,664.14,353.86,636.57,380.43,607.0,405.0,557.0,375.0,535.94,360.0,507.21,342.21,478.09,321.09,449.0,304.9,422.57,278.57,398.09,249.09,371.91,220.91,344.72,193.72,317.12,166.12,286.89,144.89,259.11,123.11,228.66,101.0,194.89,86.89,160.61,74.0,123.47,70.0,89.58,82.42,68.35,112.65,55.18,146.82,50.0,184.29,51.0,222.66,56.0,259.38,60.0,297.34,65.04,334.04,74.0,369.95,90.0,402.94,112.19,432.19,140.53,458.0,172.96,471.96,207.0,482.0,194.71,503.29,165.43,513.0,137.94,527.06,113.22,547.78,97.33,571.67,88.0,598.29,88.0,630.77,94.0,661.59,101.95,689.95,112.06,719.06,125.72,746.72,146.61,769.61,170.47,791.0,197.15,807.0,221.66,820.0,251.65,828.0,284.13,828.0,314.09,819.91,339.98,802.02,362.41,782.59,384.84,759.16,404.44,734.56,423.0,708.93,443.77,684.23,460.0,657.65,475.32,630.68,496.62,607.38,514.98,584.02,537.0,565.0
Iphiclides podalirius,4,698.5,540.0,720.96,580.3,738.98,623.11,759.45,665.42,784.13,704.18,808.31,742.0,828.18,782.63,854.24,819.6,872.89,858.86,885.01,890.78,923.6,899.39,967.94,905.09,1006.93,917.94,1041.75,946.92,1067.46,982.77,1092.71,1007.86,1105.33,1010.11,1082.53,976.88,1059.18,938.74,1035.67,899.29,1017.4,858.49,1018.16,819.96,1012.84,775.17,1022.71,732.54,1032.54,690.62,1043.28,646.04,1044.75,601.07,1033.25,558.47,1011.32,523.07,982.75,493.0,1017.44,485.35,1056.12,474.67,1088.95,455.21,1114.6,426.27,1134.64,390.12,1147.63,351.58,1160.37,312.6,1172.75,273.35,1188.03,235.25,1203.86,197.33,1218.0,158.7,1226.09,118.38,1214.04,84.93,1184.21,65.25,1142.59,62.0,1100.84,67.96,1062.78,81.75,1026.56,98.78,991.25,118.52,957.33,140.05,924.75,163.25,891.72,188.78,860.11,214.14,829.25,241.4,799.12,268.64,770.33,296.71,741.1,326.15,715.77,353.93,692.75,382.75,605.0,383.0,576.18,361.49,548.07,332.82,517.97,302.72,487.34,275.55,455.58,247.83,423.44,221.27,389.59,196.03,355.25,172.08,320.85,150.82,285.26,130.38,249.5,112.04,212.41,96.08,172.85,83.5,131.85,78.67,89.46,82.91,59.99,105.44,54.36,143.12,65.05,182.33,80.87,219.63,97.1,257.46,112.78,295.74,125.68,334.95,138.51,374.05,153.9,412.44,172.62,448.74,200.18,479.26,235.03,499.09,275.74,504.02,310.25,509.0,278.45,541.16,255.06,582.5,248.1,628.87,256.61,673.01,270.52,716.05,286.76,758.03,284.1,802.15,291.62,845.19,291.99,888.01,267.94,928.43,244.71,970.48,218.96,1009.29,191.86,1046.29,207.39,1040.51,238.52,1004.08,268.46,967.58,302.82,942.01,344.72,926.3,388.51,922.02,428.31,915.02,439.15,872.99,457.0,830.54,482.59,791.02,507.75,752.65,531.54,712.04,554.77,671.54,572.44,629.02,586.5,584.64,608.5,544.75
Lamproptera meges,55,614.65,436.67,638.05,484.53,655.64,538.46,681.07,588.91,711.83,637.04,745.4,679.89,792.02,704.04,840.63,729.1,884.96,763.84,926.29,801.42,962.95,843.68,995.45,889.77,1026.02,937.32,1055.81,985.01,1086.46,1030.42,1109.7,1045.21,1089.72,998.72,1063.53,949.24,1036.77,900.88,1008.84,852.27,978.54,804.69,946.14,757.31,911.12,711.52,877.72,665.91,850.16,618.97,833.09,566.83,818.36,514.21,801.77,461.49,774.69,413.93,737.58,375.64,760.43,371.49,784.79,368.06,804.45,356.3,817.32,337.77,826.55,315.5,835.17,292.05,843.89,268.76,851.76,245.13,859.74,221.3,867.56,197.41,875.3,173.25,881.73,148.76,885.97,123.33,886.05,97.51,876.68,76.39,855.81,68.84,831.38,73.18,808.11,83.96,786.45,98.07,766.31,114.67,747.37,132.94,729.16,152.05,711.69,171.25,694.41,190.96,677.68,210.85,661.29,230.91,645.8,251.66,631.51,273.15,617.65,293.0,539.93,291.42,525.23,273.63,510.45,252.46,494.43,232.09,478.04,212.68,460.72,193.77,443.33,174.98,425.66,156.34,407.36,138.27,388.14,120.61,368.15,104.43,346.93,90.54,324.02,79.31,299.76,73.68,277.58,79.56,267.08,100.22,266.71,126.16,271.01,151.81,278.01,176.24,286.91,199.67,296.1,223.23,304.38,246.21,311.89,269.3,320.21,293.2,329.45,317.09,338.93,340.25,351.47,361.06,371.37,373.41,395.72,377.2,417.71,381.47,379.74,422.64,357.31,473.94,340.93,528.14,328.36,583.52,309.72,636.41,279.22,684.58,244.38,730.95,210.32,778.1,179.38,826.62,151.13,876.63,124.49,927.76,98.5,978.85,74.29,1030.57,62.01,1070.11,82.87,1046.93,112.32,1000.76,141.9,952.11,172.78,903.29,206.04,856.21,240.21,812.63,279.9,773.2,321.09,736.31,368.42,709.94,414.15,685.71,448.9,641.95,479.29,593.23,504.55,544.68,522.42,490.2,545.76,441.95
Losaria coon,3,1359.33,949.0,1412.96,991.96,1467.1,1057.24,1515.58,1124.25,1571.32,1189.38,1634.02,1240.11,1697.35,1293.22,1716.51,1378.76,1752.87,1450.05,1831.06,1454.69,1900.72,1475.39,1962.13,1494.92,2006.84,1425.48,2077.4,1387.24,2151.29,1418.29,2207.77,1484.56,2253.67,1559.45,2330.57,1569.68,2356.67,1499.6,2292.44,1447.16,2208.88,1419.4,2134.81,1371.08,2078.12,1306.18,2102.83,1223.98,2113.33,1149.5,2041.71,1102.97,2023.67,1020.31,1967.21,961.4,1894.56,920.13,1851.33,856.0,1922.73,820.35,1989.12,767.55,2057.0,716.0,2119.24,659.59,2178.61,596.19,2241.47,535.64,2304.27,476.29,2364.68,419.98,2429.09,364.78,2488.85,302.09,2535.78,229.21,2554.44,148.94,2523.87,75.21,2441.37,51.33,2352.29,60.0,2269.67,85.01,2189.68,117.15,2112.91,152.97,2038.64,191.82,1966.34,231.68,1894.48,276.54,1824.08,323.26,1756.92,371.41,1687.05,424.42,1620.12,481.88,1555.21,539.94,1493.12,599.88,1431.48,663.19,1363.0,712.33,1215.67,716.0,1165.02,679.81,1098.99,620.13,1036.15,563.91,970.04,510.04,904.09,458.61,838.56,412.89,768.61,366.95,697.1,324.81,624.11,287.28,547.53,251.5,473.32,217.76,396.34,185.41,318.23,158.37,238.2,138.46,151.75,136.49,76.26,165.49,52.33,241.09,77.53,318.46,126.73,382.05,187.43,437.74,251.27,492.3,315.15,546.57,374.97,600.78,435.91,654.58,493.92,714.73,553.63,766.96,623.27,815.07,689.92,864.81,767.67,886.0,730.05,953.49,662.93,1002.3,605.0,1059.21,607.08,1144.51,540.89,1197.3,544.67,1269.33,579.33,1346.25,539.33,1417.67,470.56,1471.26,392.51,1503.0,326.14,1550.28,340.31,1626.64,417.5,1627.63,459.13,1558.17,503.76,1484.9,572.21,1435.63,645.06,1467.92,688.64,1538.66,747.64,1518.7,813.58,1496.99,888.33,1483.79,918.06,1410.31,930.56,1324.74,974.22,1260.14,1032.82,1200.16,1085.2,1134.8,1132.45,1068.59,1182.59,1002.75,1239.67,951.0
Luehdorfia japonica,4,857.0,732.5,901.91,767.0,937.75,812.25,969.52,860.02,996.21,909.77,1013.64,963.58,1029.28,1018.16,1044.43,1073.67,1078.52,1112.31,1109.31,1130.48,1127.83,1172.18,1158.46,1210.8,1212.46,1215.0,1255.88,1182.57,1295.34,1155.36,1331.8,1162.89,1379.79,1186.02,1396.62,1174.0,1380.68,1138.59,1359.86,1092.76,1376.44,1056.73,1390.08,1010.42,1408.66,966.6,1416.51,911.01,1420.72,854.66,1408.82,799.97,1381.98,750.0,1342.04,709.04,1294.7,676.94,1248.25,647.25,1295.32,640.91,1350.38,640.33,1403.02,629.04,1444.3,597.55,1474.97,554.03,1500.47,507.58,1515.53,456.3,1529.3,402.99,1540.78,348.69,1549.61,293.7,1555.5,237.96,1556.85,181.92,1546.46,128.46,1516.48,86.21,1468.98,70.26,1413.65,75.0,1362.43,92.44,1314.5,117.75,1267.96,147.79,1224.59,179.78,1181.44,213.46,1139.29,246.03,1098.83,282.42,1058.71,318.18,1018.05,354.72,977.34,390.67,936.91,427.09,897.07,463.43,855.75,497.25,745.5,499.5,705.69,462.69,667.0,425.0,626.68,388.68,586.6,351.88,547.76,315.01,508.37,278.37,469.53,241.82,428.62,206.37,387.56,173.53,346.19,140.39,302.67,109.49,257.0,82.72,208.03,63.43,156.16,55.93,106.37,67.43,71.81,101.52,60.12,152.61,58.75,205.71,60.97,260.69,65.91,314.74,75.35,368.8,86.75,421.65,98.44,474.04,116.34,522.64,141.58,567.05,177.45,602.21,222.23,625.2,274.7,631.07,322.75,638.0,280.96,671.93,239.05,707.67,205.11,749.02,185.28,799.15,164.39,848.95,174.55,899.23,185.08,948.6,190.71,997.39,217.63,1033.99,222.15,1073.66,187.92,1114.48,164.66,1152.15,202.18,1152.51,242.67,1116.41,285.78,1115.48,314.41,1156.2,360.03,1183.36,413.01,1188.85,447.75,1150.37,456.62,1102.36,489.33,1072.63,531.59,1051.42,555.27,1007.91,567.0,960.52,590.16,911.36,614.11,861.11,642.44,813.39,677.68,771.75,723.0,743.75
Luehdorfia puziloi,4,869.5,719.0,910.09,752.32,946.03,791.78,976.78,835.58,1000.21,880.3,1017.33,929.23,1026.3,975.35,1045.31,1023.3,1072.05,1058.81,1104.53,1083.3,1129.45,1117.02,1162.16,1151.57,1202.5,1158.24,1245.74,1140.35,1292.18,1125.52,1328.83,1130.95,1352.36,1102.97,1363.45,1090.57,1393.64,1077.15,1395.09,1041.38,1388.31,994.33,1394.57,946.46,1405.96,899.99,1399.95,851.18,1382.04,805.42,1365.53,766.24,1338.43,728.26,1308.86,692.19,1271.96,660.95,1236.75,629.0,1285.75,616.71,1335.7,603.67,1380.47,586.15,1423.67,562.62,1462.64,533.84,1494.79,494.52,1519.9,449.37,1539.42,402.02,1551.22,350.42,1558.0,295.38,1558.75,239.24,1551.02,185.38,1534.56,138.5,1506.14,105.09,1467.29,83.08,1419.3,78.5,1368.14,91.06,1322.15,112.51,1278.0,139.84,1233.85,170.51,1191.34,204.23,1150.09,238.09,1108.24,273.23,1066.39,308.91,1025.43,344.09,984.0,378.59,942.08,411.17,901.99,445.76,859.0,476.25,756.5,478.25,708.99,453.07,662.4,433.36,611.73,411.13,564.52,386.05,528.93,346.1,494.47,305.91,457.94,266.94,420.56,227.31,381.68,189.91,342.92,154.09,301.86,120.38,255.86,89.17,205.95,66.39,153.11,64.0,109.73,85.53,76.75,119.29,56.33,166.37,51.25,221.89,53.12,277.42,59.82,332.75,69.96,384.89,86.47,436.7,110.01,483.44,137.97,529.19,173.05,564.88,216.31,590.35,260.39,608.04,309.38,621.5,356.25,634.5,321.34,668.2,287.62,701.9,255.15,735.26,229.79,774.08,210.54,815.25,198.36,861.7,204.38,908.6,209.2,955.09,232.34,997.13,227.1,1044.65,234.24,1073.16,254.59,1099.33,263.51,1119.16,292.35,1133.23,328.0,1127.39,369.03,1140.31,405.13,1161.7,447.26,1158.92,490.61,1138.22,513.96,1093.87,540.7,1056.37,566.62,1017.1,585.9,970.62,600.98,922.0,618.43,877.9,642.61,832.45,672.05,789.88,705.13,748.12,741.5,723.25
Mimoides xynias,4,1024.0,785.0,1039.89,819.35,1053.55,860.76,1068.17,901.07,1083.28,941.88,1099.65,981.96,1116.76,1020.18,1135.66,1057.8,1157.76,1094.14,1182.09,1126.81,1205.67,1160.17,1232.46,1187.74,1266.16,1198.65,1296.99,1204.81,1329.77,1185.06,1367.91,1181.66,1395.19,1181.52,1412.06,1159.41,1432.74,1149.15,1432.33,1113.37,1445.52,1079.17,1478.26,1056.2,1483.89,1017.07,1502.51,987.56,1515.18,953.87,1522.51,919.66,1520.33,879.48,1511.54,842.12,1502.85,805.49,1482.5,770.5,1533.86,743.9,1585.67,710.08,1624.56,660.97,1657.66,606.57,1685.74,549.38,1715.65,495.42,1750.02,444.23,1786.41,393.36,1822.52,341.5,1853.43,287.33,1875.25,228.26,1883.0,164.09,1854.63,112.49,1799.64,84.75,1735.3,80.87,1670.88,90.5,1611.32,108.6,1553.23,131.79,1496.93,159.2,1441.67,188.53,1388.75,221.39,1337.88,257.62,1289.03,298.47,1241.48,340.46,1197.84,384.42,1153.14,430.35,1109.57,475.43,1066.37,522.94,1020.5,561.75,904.25,556.75,857.23,514.2,813.24,465.39,769.75,419.0,724.63,373.63,677.55,329.3,629.57,286.32,579.97,247.18,527.5,210.13,472.31,176.51,416.61,146.01,359.17,118.48,299.89,95.06,239.13,77.75,173.61,70.75,109.12,81.37,61.43,117.49,52.0,180.98,67.24,244.21,93.34,300.41,126.73,355.63,162.86,408.0,199.03,459.07,229.84,513.93,258.55,570.24,287.99,627.24,318.57,683.26,364.36,729.43,417.24,759.45,472.75,774.0,447.92,810.0,426.85,846.7,417.72,887.08,408.79,929.3,428.77,960.17,428.49,1003.27,461.34,1026.72,477.22,1061.74,484.93,1098.81,520.31,1117.69,532.5,1156.35,537.96,1187.23,559.81,1192.31,596.46,1194.61,632.47,1215.35,670.7,1218.54,705.22,1221.78,737.18,1197.62,757.46,1162.19,784.09,1129.56,806.46,1091.63,825.51,1054.19,841.97,1012.55,855.4,970.78,869.39,928.48,882.32,886.09,894.21,842.57,905.69,799.99,924.0,763.5
Ornithoptera richmondia,41,730.71,571.9,742.51,588.88,751.19,610.16,759.2,631.19,767.72,651.75,777.5,672.14,789.38,691.74,801.93,711.0,817.03,727.98,833.92,743.06,853.39,755.75,873.77,766.48,895.28,773.87,918.45,774.75,941.46,769.05,962.47,758.96,982.49,746.67,999.96,731.58,1013.55,712.88,1027.2,693.4,1039.31,673.43,1049.04,652.14,1056.37,629.57,1060.39,606.28,1060.15,582.57,1055.63,559.85,1046.03,538.53,1031.81,519.91,1016.22,502.78,1003.22,485.22,1044.13,480.01,1088.27,472.6,1128.45,455.89,1162.19,427.86,1189.01,393.42,1212.93,357.03,1236.45,320.56,1260.74,284.97,1285.13,248.19,1307.34,210.23,1325.72,171.35,1338.76,129.59,1334.59,88.19,1302.6,63.81,1258.32,56.55,1212.46,58.34,1168.23,66.47,1126.52,79.72,1086.16,95.96,1046.93,115.3,1008.76,136.53,971.27,159.54,934.73,183.2,898.15,207.55,862.33,233.49,828.3,261.66,795.82,292.16,766.43,324.99,736.22,355.34,651.73,354.02,622.15,325.33,593.51,292.95,561.56,262.47,528.04,234.23,493.16,207.51,456.77,182.25,420.46,158.01,383.7,134.71,346.0,112.83,307.2,93.61,267.12,77.15,225.74,63.78,182.23,54.68,136.7,51.64,92.29,57.76,59.08,80.79,53.48,120.42,65.25,162.14,82.51,201.95,103.72,239.61,127.61,275.97,151.45,312.69,174.85,349.65,198.89,386.03,224.82,420.85,257.19,449.34,296.83,466.83,340.41,475.51,382.07,482.27,367.55,499.37,351.91,517.02,338.94,535.38,329.67,556.37,326.6,579.24,327.29,602.53,330.85,626.16,337.02,649.23,346.79,670.55,358.7,690.94,372.04,710.59,386.43,728.08,403.48,743.6,423.25,755.56,443.73,765.52,466.8,770.1,489.59,769.04,510.91,761.53,531.59,750.81,551.21,738.25,568.64,722.47,583.78,704.17,596.39,685.18,607.51,666.26,616.75,646.89,625.7,626.63,634.19,605.82,643.2,585.06,655.76,569.66
Pachliopta aristolochiae,7,690.0,675.0,717.82,709.46,743.09,751.12,768.33,792.42,793.42,833.89,820.25,872.59,847.06,910.04,867.16,951.99,888.02,995.21,925.06,1020.21,967.3,1014.24,1008.06,1017.22,1045.33,1004.57,1080.68,1004.57,1111.99,1035.42,1144.64,1070.67,1181.47,1069.61,1186.64,1034.27,1157.56,999.54,1121.55,971.65,1094.69,936.74,1080.86,900.11,1084.44,857.92,1074.58,813.84,1069.95,769.9,1056.75,725.53,1034.35,685.75,1013.72,644.89,976.53,613.34,941.0,581.71,982.32,575.71,1027.96,564.14,1061.04,534.44,1091.19,498.34,1115.84,457.84,1137.15,416.22,1156.83,373.52,1177.15,332.18,1198.0,290.74,1218.62,248.67,1233.86,204.7,1243.84,157.87,1241.63,109.9,1215.99,74.46,1169.31,67.24,1121.91,75.59,1079.83,93.47,1039.86,117.46,1000.72,144.84,963.04,174.53,927.56,207.19,893.23,240.62,859.93,275.98,827.04,312.24,796.13,349.79,766.27,388.44,738.62,428.09,715.45,470.37,690.57,508.29,613.0,503.29,588.67,465.27,563.84,424.32,535.36,385.24,505.27,347.78,473.96,311.8,441.38,277.21,407.96,243.71,372.52,210.66,336.65,180.27,298.74,149.79,258.83,122.84,217.33,100.1,173.58,83.13,125.05,76.43,77.33,83.17,53.69,121.43,52.84,169.95,63.37,216.75,80.11,258.8,102.16,301.23,123.87,342.52,146.04,384.09,166.89,426.06,189.14,467.45,215.52,507.16,244.18,544.73,279.05,574.55,326.28,583.21,370.86,585.29,335.97,616.88,296.79,647.2,275.68,689.21,254.16,730.71,236.58,773.65,241.86,817.9,222.71,861.35,236.67,902.1,229.18,945.58,195.56,980.97,156.66,1012.43,126.91,1050.73,131.87,1089.33,171.29,1086.76,201.43,1049.9,232.74,1014.74,270.17,1014.38,305.6,1030.48,346.47,1024.09,391.25,1031.69,427.1,1006.72,447.31,964.3,466.02,919.42,493.67,880.26,522.79,841.6,547.28,799.18,570.68,757.18,592.25,713.16,617.57,677.0
Pachliopta kotzebuea,11,584.55,556.09,601.71,588.53,617.4,626.47,635.51,663.73,656.29,699.18,682.31,730.42,699.29,766.0,712.39,804.34,731.19,839.04,765.52,849.98,801.38,849.07,835.51,859.05,870.49,844.99,903.95,860.38,925.92,894.95,951.53,924.34,983.71,914.22,982.64,877.38,954.95,847.27,922.53,820.5,893.97,790.88,883.36,755.68,901.51,723.66,889.94,688.11,887.47,650.86,881.8,614.87,858.96,581.91,841.02,546.1,811.91,517.9,782.36,490.18,814.57,486.08,854.32,481.04,881.89,455.29,904.78,422.41,927.74,389.9,947.38,355.96,967.01,321.57,987.8,287.7,1009.36,254.75,1030.45,220.97,1046.95,184.83,1058.75,146.85,1062.45,105.88,1045.49,70.96,1009.38,59.6,968.75,63.98,931.99,77.7,896.6,96.88,862.99,119.48,830.9,143.78,800.67,169.6,770.25,196.71,740.49,225.28,711.55,254.51,684.29,284.78,657.63,316.19,633.57,347.83,611.87,380.91,589.18,412.45,521.09,408.36,498.14,378.25,476.06,345.38,452.76,314.31,427.21,283.54,399.93,254.27,372.73,226.38,343.67,199.4,314.29,172.65,284.9,146.94,253.74,122.98,221.5,101.05,187.27,81.9,150.89,68.39,111.06,63.91,74.42,75.77,57.76,109.44,61.07,149.41,73.09,186.72,90.16,222.11,110.63,255.24,131.89,287.94,152.37,321.55,171.18,355.43,190.4,389.37,211.63,422.15,235.01,453.82,261.37,479.53,300.74,484.78,336.64,486.36,309.2,513.67,277.0,538.16,260.58,574.44,236.45,606.38,227.32,642.05,227.59,679.85,210.63,715.27,231.65,745.72,224.04,782.33,196.94,811.85,164.66,836.35,134.02,864.36,126.43,901.77,157.53,919.52,186.55,895.0,207.41,860.66,238.5,838.32,273.56,854.32,309.22,847.26,344.8,844.51,382.94,841.46,403.05,807.12,414.19,767.09,431.04,730.57,458.79,700.45,479.81,665.32,497.37,628.1,513.18,590.45,531.55,559.82
Papilio ambrax,41,653.29,564.1,669.17,593.78,681.65,627.09,692.96,660.94,702.87,695.31,711.75,729.67,719.37,765.16,727.04,800.58,737.8,834.94,757.83,862.61,781.69,886.33,801.73,914.37,829.72,929.55,863.45,928.11,896.48,922.39,927.25,908.92,955.77,894.05,975.44,868.03,997.38,844.01,1009.82,812.86,1021.99,781.4,1035.74,752.02,1039.87,718.95,1044.08,685.19,1040.87,652.43,1029.1,620.64,1014.32,590.02,992.08,563.18,965.8,540.05,942.51,518.02,978.78,509.53,1017.75,497.2,1050.32,473.48,1077.21,442.84,1097.89,407.58,1116.07,370.05,1131.95,331.71,1147.34,293.43,1165.12,256.41,1182.16,219.02,1195.51,180.01,1199.27,138.23,1185.86,99.89,1152.54,77.53,1111.11,69.07,1067.86,70.69,1026.79,79.77,987.49,93.87,950.03,111.8,913.49,132.57,878.71,155.21,845.25,179.77,812.82,207.22,781.82,237.15,754.04,268.06,727.83,301.94,704.04,336.87,681.74,372.57,660.2,406.1,594.76,405.68,573.31,374.33,551.46,338.47,528.24,304.04,502.77,270.44,474.3,238.84,444.12,209.04,412.3,181.13,378.84,155.53,344.16,132.23,308.16,111.25,270.95,92.9,232.19,78.32,191.42,68.57,148.08,65.43,106.47,72.09,72.25,92.0,54.83,127.23,55.32,168.35,66.46,208.4,82.53,245.47,99.86,282.83,115.48,321.1,130.51,359.46,148.59,396.3,167.95,432.2,194.24,463.42,225.72,487.14,262.71,502.07,298.56,512.88,273.98,535.32,248.11,558.67,227.1,585.26,211.25,615.13,199.54,647.06,196.22,679.88,201.45,712.29,205.15,744.28,217.54,774.9,229.95,805.84,242.98,836.28,263.13,862.08,283.54,886.38,312.44,901.84,343.33,914.63,376.96,920.57,410.35,920.81,438.6,903.17,459.59,876.34,483.87,854.9,503.45,827.48,515.64,794.89,523.63,759.91,532.03,725.24,541.5,691.16,552.21,657.22,563.99,624.2,578.46,591.94,595.9,565.17
Papilio antimachus,2,1477.5,924.5,1494.28,964.78,1513.45,1007.06,1533.0,1047.9,1557.35,1087.45,1580.56,1126.06,1600.67,1166.67,1626.37,1205.37,1650.42,1241.92,1682.44,1276.0,1714.19,1308.69,1754.25,1326.0,1800.62,1330.0,1846.5,1330.5,1891.91,1323.15,1937.18,1312.5,1978.32,1292.68,2014.21,1267.01,2051.27,1240.66,2073.56,1202.27,2106.92,1169.54,2129.5,1131.96,2139.96,1089.59,2156.05,1047.29,2147.5,1006.0,2128.6,964.89,2104.99,926.68,2071.03,898.18,2030.61,878.5,1996.5,855.5,2082.27,836.0,2168.98,798.99,2235.72,735.35,2292.21,667.29,2352.93,598.57,2415.72,531.1,2489.14,473.36,2564.99,418.51,2640.96,365.04,2712.7,306.22,2775.35,242.51,2814.93,160.46,2780.72,84.29,2693.35,58.0,2596.23,59.0,2504.27,74.45,2414.92,101.5,2330.4,136.81,2246.87,177.5,2171.15,219.16,2095.57,262.51,2015.74,309.02,1938.43,358.07,1859.76,411.96,1784.05,463.72,1710.24,523.26,1637.73,585.77,1566.74,651.26,1496.5,711.0,1356.5,713.0,1285.97,652.32,1213.85,587.85,1143.01,522.51,1066.02,468.52,990.68,412.68,909.77,360.77,830.67,312.02,752.71,263.19,673.73,219.7,592.96,174.96,509.22,134.59,425.05,101.24,337.88,74.0,245.48,56.0,147.54,52.05,64.7,89.8,62.31,176.97,109.47,254.47,171.91,322.34,239.98,379.48,315.27,431.91,389.46,488.87,458.97,548.47,518.96,619.02,580.03,690.53,637.17,762.4,710.64,816.99,795.06,842.5,861.5,862.0,820.68,884.4,782.9,908.91,751.33,938.17,728.06,976.35,711.49,1019.51,709.5,1064.94,722.89,1104.89,732.64,1150.6,765.94,1183.44,795.4,1217.05,819.35,1254.35,858.05,1276.05,897.73,1298.23,938.95,1317.06,984.55,1326.36,1030.21,1332.5,1075.7,1328.96,1121.07,1323.39,1158.04,1296.82,1186.86,1262.49,1214.05,1225.95,1240.76,1190.1,1265.0,1151.48,1285.29,1111.2,1307.55,1072.14,1326.53,1031.97,1348.65,991.85,1364.16,948.84,1375.0,909.0
Papilio aristodemus,4,852.5,757.0,894.69,795.76,930.76,846.38,960.02,899.22,984.66,958.18,1002.48,1020.05,1024.42,1080.34,1054.41,1134.99,1102.68,1166.26,1138.07,1207.19,1184.52,1227.02,1241.14,1230.07,1293.4,1254.85,1328.13,1229.82,1374.7,1231.46,1428.4,1261.36,1482.78,1283.62,1502.31,1261.74,1464.68,1218.05,1415.21,1179.58,1378.31,1134.29,1378.17,1095.33,1373.79,1036.32,1397.42,987.77,1382.84,930.02,1402.44,872.04,1384.6,814.14,1363.91,760.93,1320.88,719.5,1277.0,678.75,1327.92,658.78,1375.39,631.27,1409.38,591.27,1433.48,543.59,1447.5,490.71,1464.0,437.18,1471.7,383.02,1484.45,329.06,1500.98,275.66,1522.76,226.35,1540.51,174.95,1542.5,120.61,1515.35,76.6,1462.66,60.62,1405.22,60.15,1351.27,73.64,1299.74,93.71,1254.14,118.3,1207.66,150.09,1162.24,185.4,1120.24,223.52,1080.47,263.77,1044.14,306.86,1010.24,351.25,979.34,397.14,951.45,443.45,921.1,490.02,891.22,536.98,860.25,579.75,766.0,577.75,729.77,537.08,701.46,487.7,670.57,439.33,639.68,392.87,608.46,348.46,572.6,303.41,535.08,259.26,493.28,217.87,448.24,180.89,402.0,147.0,353.84,118.01,302.51,93.77,249.17,74.54,192.36,64.98,136.05,66.5,86.79,88.74,68.21,137.65,75.21,191.66,95.84,245.04,114.0,297.95,135.78,348.9,150.57,402.39,157.54,459.3,176.63,513.47,197.94,564.16,226.83,610.01,270.94,641.34,322.64,661.51,375.0,674.5,328.71,712.17,277.86,743.66,244.52,792.63,228.06,850.04,244.49,895.72,240.24,954.29,240.85,1006.92,236.96,1059.28,253.64,1106.17,226.37,1153.23,178.91,1189.34,134.85,1225.57,139.63,1252.85,187.36,1249.01,237.94,1230.97,278.47,1228.34,331.07,1217.49,384.34,1200.44,426.19,1214.34,471.1,1206.62,520.09,1176.86,562.88,1138.25,595.05,1089.58,615.98,1030.47,634.93,968.6,657.15,911.46,689.32,855.59,724.63,804.66,766.25,762.75
Papilio cresphontes,12,1304.33,1031.17,1354.17,1098.08,1397.01,1175.26,1435.77,1255.62,1469.84,1339.14,1495.74,1426.09,1525.74,1511.46,1579.25,1574.71,1629.78,1643.08,1677.59,1709.67,1752.35,1730.08,1831.42,1735.02,1898.43,1709.92,1972.7,1709.22,2033.44,1773.81,2087.42,1844.96,2149.69,1860.7,2132.58,1786.12,2075.23,1717.27,2015.34,1648.81,1980.64,1572.76,2009.32,1502.69,2025.26,1426.9,2040.32,1350.35,2060.91,1277.7,2060.38,1195.24,2048.62,1117.34,1995.08,1046.73,1934.46,982.62,1869.58,928.0,1950.54,920.64,2032.22,900.75,2095.69,849.6,2135.54,779.08,2168.58,702.16,2200.93,629.84,2235.8,553.97,2271.82,482.57,2313.73,410.33,2357.35,340.28,2398.79,270.31,2426.16,190.07,2400.15,117.19,2324.06,86.23,2236.4,81.28,2150.23,93.42,2069.05,118.02,1990.69,152.22,1916.96,191.63,1845.31,237.66,1776.15,287.42,1708.67,340.04,1644.58,397.6,1583.25,459.31,1524.78,521.65,1466.45,586.59,1411.88,653.34,1360.09,722.46,1309.17,787.08,1181.92,789.42,1130.98,729.18,1079.41,658.56,1024.49,591.2,966.99,526.93,907.57,463.71,845.53,402.0,781.66,343.92,713.88,289.41,644.99,239.89,572.11,194.51,497.44,152.66,419.67,118.55,337.55,92.96,250.79,79.36,161.83,83.67,82.15,112.68,53.68,186.53,81.42,266.46,125.8,339.09,169.43,409.86,212.37,479.76,252.37,553.23,286.79,625.08,318.81,701.53,351.59,776.58,392.64,847.64,457.68,901.22,538.47,921.99,619.58,929.17,555.63,985.99,496.54,1049.11,446.45,1120.23,427.59,1196.99,430.63,1280.78,447.23,1351.19,465.17,1426.27,478.42,1499.85,510.55,1568.62,478.28,1645.92,418.19,1712.99,364.13,1782.35,348.41,1855.77,413.29,1835.72,461.68,1762.33,522.01,1698.4,598.45,1708.5,664.25,1728.44,744.0,1727.55,815.89,1703.03,861.77,1631.31,915.3,1567.87,968.37,1503.09,995.77,1417.34,1019.92,1330.53,1054.28,1247.75,1092.99,1167.35,1135.49,1088.58,1187.5,1025.75
Papilio deiphobus,9,1068.78,937.11,1101.24,992.33,1124.44,1052.32,1145.15,1113.93,1163.19,1176.67,1178.07,1240.77,1192.5,1304.91,1212.3,1365.24,1242.65,1418.99,1278.53,1467.95,1318.92,1515.52,1368.45,1544.06,1425.53,1553.66,1485.72,1553.21,1534.31,1561.29,1582.61,1570.38,1624.7,1538.7,1629.8,1483.82,1637.54,1433.64,1644.35,1376.41,1665.11,1317.28,1687.78,1259.97,1692.67,1198.42,1699.89,1138.59,1691.35,1078.59,1682.39,1019.67,1654.07,963.41,1616.33,912.16,1573.09,866.97,1521.22,828.22,1578.48,805.18,1645.49,782.01,1700.68,736.95,1743.49,678.14,1778.24,615.26,1809.34,551.08,1838.04,486.34,1867.76,421.59,1902.97,360.25,1941.36,299.35,1976.41,237.07,1995.74,170.95,1975.2,109.34,1913.96,79.02,1841.14,72.48,1766.17,77.93,1695.74,93.55,1628.42,117.01,1564.51,146.96,1501.88,182.88,1441.74,221.92,1384.8,264.59,1327.99,309.77,1274.34,358.68,1224.59,411.85,1179.46,468.28,1140.26,526.52,1105.85,589.56,1075.56,652.22,977.44,648.89,943.5,586.82,908.94,524.07,869.59,465.54,826.78,408.06,777.14,355.27,724.52,303.52,668.13,256.67,609.62,211.53,549.9,170.57,488.44,133.55,424.33,101.23,357.51,76.61,287.29,59.12,212.88,52.75,140.08,58.24,78.43,89.14,53.92,151.17,70.84,218.96,105.94,282.14,143.57,342.73,177.15,405.66,206.28,471.4,235.07,537.3,264.45,602.74,299.53,664.88,340.72,722.12,393.54,767.68,461.23,791.27,524.89,810.44,474.27,851.1,423.5,894.53,388.41,949.39,356.1,1003.79,333.84,1061.4,330.69,1122.39,326.45,1184.9,338.48,1246.94,355.52,1307.59,375.54,1367.98,398.54,1421.95,399.26,1478.74,401.72,1532.58,442.27,1562.75,489.99,1571.9,542.91,1561.13,599.35,1556.77,655.18,1535.7,702.85,1507.06,752.03,1470.48,790.17,1420.36,818.01,1364.78,837.07,1301.13,852.61,1236.14,868.54,1171.59,887.07,1107.94,908.33,1045.99,933.57,984.97,968.56,933.67
Papilio gigon,19,722.58,615.26,741.61,648.11,758.7,685.71,774.73,722.91,788.84,762.0,800.1,802.63,809.43,844.4,831.25,878.08,855.73,908.41,880.12,941.55,918.95,948.22,959.68,942.89,999.04,932.75,1032.7,943.66,1055.39,976.52,1085.21,996.98,1103.0,978.49,1088.43,946.37,1065.59,912.96,1067.67,879.69,1085.85,847.71,1101.11,811.35,1119.34,776.38,1131.66,738.6,1138.24,700.77,1127.7,662.02,1108.53,627.7,1078.36,600.52,1046.67,576.62,1016.95,554.05,1055.87,547.27,1101.31,537.55,1139.51,514.04,1170.55,479.84,1194.55,440.75,1214.34,398.99,1235.11,356.78,1254.09,314.55,1275.41,272.82,1299.83,232.67,1323.31,191.94,1338.49,147.64,1327.73,106.06,1291.67,81.1,1243.83,73.68,1194.05,76.06,1146.68,85.32,1101.64,98.87,1057.8,115.97,1015.69,135.64,974.75,157.66,934.57,183.37,896.82,211.17,860.21,241.33,825.37,274.84,795.59,311.48,770.27,351.56,748.87,393.62,728.42,433.95,652.26,430.32,631.82,390.84,611.44,348.67,587.04,308.45,558.12,271.67,524.94,237.65,489.52,206.91,452.62,178.28,413.55,152.41,372.95,128.73,331.52,108.66,288.12,90.57,244.41,75.59,197.94,65.47,148.71,62.32,101.41,68.6,63.81,91.83,54.3,133.76,68.38,177.72,91.01,218.76,114.04,258.74,135.87,299.87,153.44,341.16,172.16,383.16,190.21,425.12,212.6,464.67,242.3,499.47,279.76,524.22,323.73,536.62,367.05,542.42,338.14,564.41,304.82,587.57,275.25,615.15,254.83,647.41,242.1,685.17,245.36,723.12,255.32,762.27,272.6,796.96,288.06,832.28,301.25,865.61,307.16,898.31,292.52,931.02,279.56,961.01,294.91,977.45,322.8,960.46,348.77,932.75,382.12,924.68,420.61,932.5,458.63,935.32,493.27,924.61,518.22,892.49,542.18,864.71,563.37,832.1,574.64,791.17,586.19,751.27,601.59,712.52,619.68,675.09,637.79,638.95,659.05,609.74
Papilio glaucus,23,1259.83,1048.35,1307.76,1126.33,1348.23,1212.49,1386.95,1298.76,1424.6,1384.82,1458.2,1472.92,1490.12,1561.29,1526.96,1647.31,1583.64,1718.0,1636.34,1787.82,1696.68,1839.87,1776.4,1850.01,1845.6,1850.57,1918.57,1821.77,1998.96,1855.5,2057.86,1923.77,2117.02,1966.13,2098.81,1902.81,2040.7,1827.99,1983.5,1752.13,1976.83,1672.98,2005.97,1595.81,2022.75,1511.8,2046.59,1428.61,2055.44,1343.04,2054.1,1255.24,2035.85,1167.97,1993.34,1084.88,1934.3,1015.1,1870.83,954.7,1950.75,940.21,2028.41,916.41,2090.47,868.71,2137.58,803.09,2169.05,728.7,2195.36,651.59,2217.9,574.13,2236.85,493.96,2259.38,414.31,2283.17,335.27,2306.3,256.0,2323.04,174.83,2304.18,98.88,2227.5,72.07,2140.87,72.87,2058.49,89.61,1981.6,118.46,1908.89,155.92,1838.81,199.9,1770.66,247.62,1704.57,298.52,1639.87,350.95,1575.03,406.41,1514.98,465.55,1457.28,525.22,1402.08,587.38,1350.32,652.62,1302.61,721.09,1258.17,789.35,1127.7,789.78,1078.89,728.33,1030.18,658.73,978.62,591.57,922.5,529.0,864.61,467.65,804.55,409.45,740.32,354.06,675.22,301.4,608.63,249.43,539.74,201.3,470.05,157.62,396.49,120.23,319.2,89.99,237.13,71.55,151.11,68.75,76.31,96.01,53.1,168.99,67.42,250.31,91.47,329.51,115.6,409.54,137.89,488.5,156.06,568.45,177.86,648.19,204.52,726.45,234.3,802.33,279.96,870.08,345.53,918.61,425.6,940.18,502.74,956.09,441.02,1016.96,382.24,1085.44,343.33,1167.46,323.59,1251.33,323.56,1338.77,326.65,1423.89,352.82,1503.8,363.23,1588.48,396.51,1661.23,389.18,1742.1,340.63,1815.78,290.36,1890.63,278.76,1950.73,333.54,1907.2,394.6,1844.7,472.77,1825.58,542.36,1844.9,612.41,1841.1,689.76,1830.42,743.55,1774.51,797.76,1709.55,845.96,1636.82,885.51,1554.0,920.98,1470.75,954.47,1385.03,990.01,1301.64,1027.38,1216.35,1068.18,1132.47,1118.17,1060.26
Papilio memnon,88,768.84,642.82,786.15,676.01,800.37,713.84,812.83,752.39,823.67,791.45,833.18,830.99,841.53,871.21,851.11,910.91,864.72,948.43,886.47,980.99,911.95,1008.91,936.2,1037.81,968.28,1051.22,1005.28,1049.0,1040.49,1040.69,1073.23,1025.65,1102.21,1004.31,1123.58,975.31,1139.52,943.03,1154.84,909.62,1166.23,873.71,1175.82,837.29,1184.68,800.82,1188.24,764.01,1184.5,726.77,1174.27,690.59,1154.72,656.76,1130.53,625.62,1101.81,598.28,1076.06,573.14,1122.34,564.05,1166.31,545.48,1200.8,513.03,1228.41,472.95,1250.49,429.41,1270.02,384.65,1289.73,340.35,1312.06,297.47,1339.0,256.51,1367.85,216.56,1394.67,175.66,1409.64,130.33,1397.96,88.9,1356.47,68.8,1305.65,65.52,1255.11,71.16,1206.61,82.98,1160.65,100.13,1116.16,121.27,1073.18,145.36,1031.91,172.42,991.69,201.77,952.82,233.79,915.91,268.04,881.35,305.08,849.76,343.52,820.74,383.88,794.64,425.54,769.78,464.16,700.61,461.9,674.33,423.4,647.41,381.96,617.65,341.53,585.16,302.63,549.88,265.9,512.3,231.21,472.7,199.41,432.09,170.15,389.73,143.29,346.53,119.25,301.66,98.39,254.86,82.0,205.68,70.93,154.01,66.21,102.77,70.95,64.66,93.84,56.12,137.27,72.95,182.1,100.85,223.05,130.08,263.43,157.15,304.38,179.98,348.07,200.52,392.63,220.39,437.74,243.84,481.13,272.65,520.64,309.2,551.34,354.44,568.34,399.58,577.55,371.62,603.2,342.06,630.98,317.28,662.68,299.64,697.28,286.7,733.66,284.42,771.16,287.68,808.9,295.85,845.57,307.0,881.78,317.14,918.43,331.58,952.31,349.47,984.08,369.8,1013.92,400.32,1035.0,433.45,1050.42,469.31,1056.61,507.06,1057.34,540.35,1042.26,564.54,1013.35,589.58,985.13,610.27,951.71,623.56,913.95,632.84,873.73,641.42,833.17,650.77,792.86,661.12,752.81,673.24,713.74,686.93,675.2,705.16,643.4
Papilio phestus,3,486.67,488.0,506.23,510.11,524.94,531.94,538.58,556.92,552.99,582.92,562.97,610.94,571.55,638.81,579.0,666.74,590.8,691.47,611.72,708.2,635.1,720.94,656.15,741.63,682.87,749.17,710.3,748.09,734.7,737.12,759.66,732.17,776.97,714.41,785.99,693.74,796.09,673.21,801.26,646.81,807.26,620.55,812.88,597.12,811.26,570.46,806.05,549.22,808.67,525.18,797.34,499.8,776.51,480.35,759.05,459.31,736.89,444.34,716.67,429.33,741.54,418.39,771.18,404.79,792.65,381.91,806.39,355.75,821.45,325.9,831.01,295.56,841.1,264.25,850.25,232.95,859.72,202.16,867.92,170.09,872.66,136.52,871.79,102.96,857.79,75.27,827.89,64.04,795.03,63.79,761.77,71.67,731.17,84.6,703.76,101.77,676.71,121.3,651.02,142.79,627.65,165.23,603.8,189.2,582.65,213.9,562.26,240.59,543.84,267.58,526.88,296.79,512.33,326.25,497.75,356.91,483.33,382.67,440.67,379.33,426.43,349.89,411.71,319.7,396.47,289.8,378.63,260.63,359.94,234.28,338.51,207.84,316.65,181.31,292.19,157.19,269.38,135.72,242.77,115.77,214.85,96.52,187.3,79.31,156.29,68.1,123.1,63.0,90.04,65.93,61.24,81.04,50.86,113.5,52.73,147.79,59.55,181.28,68.24,211.17,81.19,240.84,86.68,273.33,96.0,303.89,107.05,334.22,120.76,363.4,138.98,390.93,164.89,411.22,196.26,421.36,224.0,431.67,199.32,444.14,176.07,459.83,154.85,478.59,139.0,501.29,125.61,526.33,118.6,551.26,117.67,577.05,115.44,603.47,121.3,626.26,128.33,652.04,133.65,678.83,141.48,701.77,151.36,722.43,173.71,735.56,196.84,748.47,223.48,756.98,249.91,754.15,275.98,747.73,297.79,728.26,321.35,713.91,342.21,696.65,354.99,671.05,362.45,643.66,370.81,615.56,379.35,589.41,390.76,564.35,406.15,539.25,421.51,515.06,440.67,496.0
Papilio polytes,53,711.08,611.23,731.33,646.91,748.58,686.26,764.21,726.42,778.75,767.16,791.6,808.63,803.22,850.22,815.28,891.43,836.72,927.39,863.35,958.89,890.07,989.96,924.48,1004.65,962.6,1005.65,999.02,997.68,1033.34,1002.1,1064.7,1018.05,1098.81,1020.42,1107.15,989.83,1095.33,956.44,1090.13,923.29,1096.97,888.68,1109.9,851.7,1123.05,815.3,1131.58,776.85,1138.83,738.31,1135.53,699.01,1121.12,661.33,1099.67,625.14,1071.16,593.74,1043.98,564.32,1085.43,551.67,1123.89,531.45,1153.6,499.44,1178.44,462.87,1198.76,426.76,1216.5,387.44,1234.24,347.37,1251.25,307.56,1269.34,268.19,1289.33,230.4,1306.56,190.21,1313.1,145.67,1299.46,105.08,1262.65,82.16,1217.23,73.87,1169.81,75.59,1124.53,84.68,1081.32,99.64,1040.03,118.56,1000.48,140.28,961.89,164.47,924.25,190.89,888.02,219.29,853.73,250.05,821.64,283.79,792.8,319.6,766.65,357.59,742.32,396.73,719.0,434.26,646.81,436.17,623.67,400.72,601.16,361.06,575.99,322.37,547.84,285.7,516.46,251.32,482.54,219.36,446.77,189.68,409.63,162.23,371.02,137.33,331.26,114.84,290.19,95.44,247.49,79.52,202.53,69.1,155.15,66.09,109.06,72.89,72.5,95.24,56.57,134.31,60.3,177.49,74.31,217.8,92.54,256.98,110.65,295.84,127.28,334.66,143.29,375.01,161.99,415.28,182.86,454.01,206.5,490.59,235.61,522.12,273.08,543.3,312.62,558.72,283.47,587.9,255.1,618.84,235.54,654.77,220.2,692.49,216.04,731.34,221.25,769.63,230.44,806.63,240.56,843.97,254.1,879.66,261.56,913.45,253.27,946.64,242.83,980.13,251.84,1007.81,281.35,1010.18,313.82,998.43,348.9,995.88,386.72,998.74,424.54,998.72,459.04,982.6,487.07,954.76,514.41,923.72,536.32,888.36,550.48,848.07,563.28,806.7,576.8,765.42,591.37,724.87,608.36,685.24,626.95,646.73,649.34,613.51
Papilio polyxenes,44,1093.98,849.84,1133.65,901.74,1167.47,960.94,1196.75,1022.46,1221.42,1086.08,1240.73,1151.98,1257.78,1217.49,1280.08,1280.45,1318.32,1330.84,1362.8,1374.12,1404.53,1412.43,1459.44,1403.62,1519.37,1386.8,1575.97,1389.23,1619.02,1429.51,1654.02,1480.44,1682.68,1481.49,1672.03,1431.33,1646.61,1370.16,1630.59,1310.85,1643.48,1253.5,1657.09,1193.97,1680.34,1137.88,1684.99,1076.53,1690.55,1015.53,1681.34,954.75,1662.86,894.52,1628.47,840.59,1581.51,795.02,1534.41,752.68,1602.41,746.03,1672.34,736.61,1730.43,707.07,1774.53,659.74,1807.19,602.29,1833.47,541.98,1858.43,481.1,1884.68,419.74,1913.38,360.58,1943.09,303.28,1973.61,244.83,1997.14,182.23,1993.49,121.27,1947.92,80.69,1881.58,67.06,1810.06,73.54,1742.04,91.85,1677.83,118.31,1616.41,150.14,1556.73,185.62,1498.77,224.09,1441.46,265.18,1386.34,308.32,1333.34,354.88,1281.92,403.74,1233.07,454.4,1185.76,507.18,1140.0,560.72,1095.61,613.02,976.98,616.43,931.07,567.15,885.5,511.95,837.52,458.54,787.34,407.35,735.47,358.05,681.52,311.82,625.19,268.49,567.29,227.48,508.66,189.15,448.57,153.69,386.19,121.8,321.94,95.6,254.09,76.67,182.63,69.95,115.12,81.58,66.86,119.23,60.41,180.37,84.29,244.44,115.58,303.95,147.87,363.52,178.21,422.91,205.49,484.4,230.25,546.72,258.0,608.12,293.0,664.84,337.95,711.04,397.35,738.22,466.83,748.94,533.7,755.27,486.52,798.08,439.85,844.88,405.89,900.03,384.76,961.8,376.88,1023.99,380.55,1083.55,390.47,1143.62,411.62,1200.36,427.9,1258.48,440.05,1316.08,427.7,1375.72,405.37,1436.79,398.8,1488.38,425.98,1484.18,460.65,1436.78,504.31,1398.17,560.53,1391.88,618.78,1407.8,673.94,1414.39,712.54,1373.47,756.18,1331.49,795.05,1281.45,816.82,1217.85,832.72,1150.57,852.06,1084.82,876.5,1021.51,905.04,959.31,937.61,899.7,976.8,847.3
Papilio protenor,2,1166.0,737.0,1187.96,792.96,1205.53,850.03,1224.0,907.43,1233.91,967.96,1237.17,1028.49,1239.5,1091.19,1247.37,1151.63,1276.0,1198.67,1295.04,1254.54,1313.17,1311.67,1347.18,1358.03,1401.66,1378.84,1459.4,1395.5,1519.26,1395.96,1566.09,1405.83,1610.16,1402.89,1646.53,1356.61,1662.13,1306.75,1662.0,1247.6,1678.48,1194.09,1687.75,1136.4,1687.0,1077.04,1696.08,1022.02,1691.5,962.98,1680.5,909.28,1661.45,852.95,1637.46,799.96,1603.92,752.92,1570.5,711.0,1633.68,703.56,1702.91,691.58,1756.87,648.63,1806.8,596.69,1854.04,541.46,1896.82,484.62,1938.72,426.78,1988.22,373.95,2040.8,324.2,2092.97,276.1,2135.23,223.77,2156.78,159.28,2126.05,99.55,2065.14,68.73,1995.86,57.0,1924.5,57.0,1853.27,67.04,1786.57,84.99,1720.53,104.26,1656.16,128.84,1591.5,158.14,1530.81,188.5,1469.84,226.0,1412.32,264.22,1358.21,311.0,1305.98,358.52,1257.75,408.75,1211.0,463.89,1166.5,512.5,1044.0,518.0,999.52,464.02,949.44,409.94,897.89,360.0,843.26,315.26,787.6,275.4,729.07,238.08,667.4,204.5,606.61,176.61,542.4,150.87,477.51,129.47,409.09,110.5,339.43,96.19,265.71,91.0,192.33,95.0,124.73,111.58,70.72,149.3,55.25,210.07,82.08,272.58,132.96,325.46,189.0,371.5,238.31,418.62,289.32,467.54,332.22,521.22,375.91,577.41,422.99,630.49,469.24,682.74,523.75,723.25,590.31,738.5,656.5,740.5,625.18,792.82,594.5,846.52,573.4,906.32,558.06,966.79,551.86,1024.89,557.4,1085.75,567.5,1142.14,571.53,1204.03,595.9,1255.77,611.5,1308.44,615.96,1366.91,625.06,1412.55,644.09,1466.23,699.1,1493.02,752.12,1485.68,792.47,1449.13,846.45,1422.5,897.48,1393.31,936.17,1355.48,968.75,1306.33,989.5,1246.39,1003.58,1185.61,1022.58,1134.42,1025.0,1068.55,1022.61,1001.83,1027.5,935.0,1036.76,870.3,1053.95,808.47,1071.5,747.5
Papilio slateri,5,988.8,831.8,1012.97,864.17,1035.96,903.52,1058.91,942.03,1080.29,982.21,1100.54,1023.26,1119.28,1064.2,1136.91,1105.32,1152.5,1148.1,1167.81,1190.49,1188.17,1227.53,1218.81,1254.32,1261.33,1262.4,1306.87,1257.17,1350.38,1245.99,1391.92,1229.66,1432.3,1212.3,1469.25,1188.75,1505.0,1160.48,1537.93,1129.17,1567.8,1094.0,1595.36,1056.34,1615.91,1017.28,1622.81,974.46,1615.47,932.88,1595.48,894.73,1567.11,860.25,1534.21,831.12,1497.62,804.02,1467.2,778.2,1530.71,763.91,1593.79,745.51,1650.24,713.36,1695.84,668.46,1730.46,615.69,1758.79,557.81,1785.46,498.72,1809.43,439.41,1831.36,378.12,1850.87,316.68,1862.2,250.77,1863.2,184.01,1844.34,126.17,1791.19,94.8,1723.24,90.0,1657.55,100.64,1596.9,121.88,1538.98,151.47,1482.4,186.09,1427.12,222.08,1374.42,261.14,1323.88,302.96,1272.32,346.54,1222.19,391.19,1176.33,438.9,1130.4,487.2,1085.68,537.16,1040.3,587.3,995.8,632.8,882.6,620.8,839.67,571.95,798.02,521.43,755.12,471.57,711.68,422.08,668.79,374.19,621.33,326.93,573.35,282.95,523.08,237.88,471.71,195.96,420.69,157.29,366.53,121.53,310.78,90.53,250.7,65.59,186.57,53.29,122.49,60.01,73.75,91.84,52.85,150.26,51.72,217.27,60.88,281.16,76.61,344.1,94.46,403.76,114.36,465.36,138.18,525.05,163.92,581.52,196.42,634.41,240.82,679.97,294.01,713.76,355.17,734.87,414.0,750.4,381.96,776.79,344.81,800.6,310.05,828.29,282.61,860.53,262.83,896.75,253.2,935.14,258.77,978.82,277.33,1018.29,302.58,1055.98,328.6,1091.61,358.85,1122.83,389.33,1152.86,426.23,1180.29,464.67,1200.99,504.72,1219.62,547.08,1232.58,591.53,1241.6,635.22,1237.6,666.45,1210.52,690.76,1175.68,711.1,1135.84,727.34,1094.28,745.53,1052.35,766.49,1011.84,789.21,972.19,815.13,933.45,839.9,894.64,865.64,856.24,891.8,825.2
Papilio thoas,12,1145.0,963.25,1187.74,1027.87,1224.86,1096.05,1257.43,1168.16,1282.79,1244.26,1302.6,1322.91,1329.5,1398.72,1379.63,1457.71,1423.37,1520.14,1476.16,1562.11,1545.59,1568.72,1611.03,1554.11,1670.22,1542.99,1728.37,1568.16,1778.93,1629.09,1825.13,1677.69,1866.96,1695.82,1861.87,1633.71,1812.24,1569.72,1763.41,1507.73,1732.56,1449.13,1719.22,1375.97,1751.33,1310.19,1758.44,1237.67,1789.25,1170.69,1788.84,1096.79,1792.6,1024.71,1751.98,959.42,1698.23,901.7,1642.42,850.75,1711.11,835.69,1780.53,812.6,1836.65,769.14,1877.08,711.18,1904.73,642.78,1931.52,573.6,1956.89,504.46,1990.55,439.45,2019.81,374.32,2058.27,311.57,2094.97,247.29,2120.46,177.21,2102.46,115.14,2041.69,84.93,1966.37,75.5,1889.14,85.7,1816.54,108.65,1747.67,139.48,1682.36,177.27,1619.02,220.03,1558.54,266.84,1500.43,316.73,1445.8,370.45,1393.22,427.56,1343.02,484.97,1293.77,543.92,1246.21,603.69,1201.17,664.93,1154.5,723.5,1034.08,728.33,986.25,674.29,941.42,613.46,893.73,553.59,844.83,494.86,794.04,437.29,741.58,380.99,685.45,326.87,627.23,277.6,566.36,232.73,503.05,190.77,438.08,153.65,369.98,122.5,298.44,99.58,223.33,88.34,146.56,92.96,80.33,119.51,56.1,182.29,82.97,249.91,114.31,315.75,151.82,380.34,188.98,445.57,221.12,511.49,251.31,579.51,278.41,648.32,306.08,715.97,345.5,775.89,399.74,822.19,469.59,845.44,540.33,859.08,482.6,910.68,431.91,968.17,396.38,1034.41,394.6,1108.07,397.97,1180.22,425.81,1245.34,436.54,1318.45,462.38,1383.13,452.19,1450.68,418.54,1512.09,367.45,1574.21,319.97,1637.89,316.45,1696.09,357.18,1680.46,404.95,1627.27,454.92,1567.3,513.99,1539.78,576.29,1549.2,639.45,1565.98,707.41,1556.96,761.57,1516.98,810.0,1458.31,855.93,1397.72,884.55,1324.31,902.48,1245.84,927.13,1169.86,959.24,1099.03,994.32,1030.32,1039.08,966.92
Papilio troilus,23,1491.61,1188.35,1541.02,1282.99,1581.95,1387.52,1617.54,1493.72,1650.21,1601.63,1678.22,1709.73,1706.56,1812.84,1749.64,1898.87,1811.42,1977.27,1869.35,2043.13,1939.7,2085.05,2027.26,2066.25,2116.02,2091.83,2186.19,2108.55,2223.85,2187.1,2280.5,2242.17,2323.16,2201.01,2294.1,2107.63,2248.04,2014.11,2237.73,1916.36,2298.72,1851.08,2313.2,1751.44,2351.66,1672.27,2357.9,1574.14,2368.26,1477.25,2357.86,1384.43,2335.99,1287.91,2290.61,1200.5,2214.82,1122.86,2134.13,1051.17,2229.64,1039.05,2328.15,1022.1,2406.46,976.2,2470.63,911.93,2515.77,836.04,2553.4,748.88,2587.72,665.72,2621.11,576.43,2658.64,493.65,2702.41,412.33,2745.01,328.72,2771.7,236.52,2755.96,148.97,2693.09,92.23,2597.93,69.45,2495.23,72.29,2395.24,94.01,2300.84,127.45,2209.55,169.05,2120.54,215.19,2034.27,266.11,1949.54,320.51,1868.44,380.51,1792.35,447.4,1722.4,519.94,1657.92,599.02,1599.3,681.77,1546.06,767.54,1494.0,847.48,1345.65,846.0,1292.88,765.49,1238.97,680.09,1179.22,597.02,1113.59,518.02,1041.3,445.05,963.0,378.08,880.43,317.89,794.92,263.63,706.52,214.05,617.34,168.67,524.45,129.87,427.71,100.49,327.01,84.59,228.42,90.38,145.61,122.15,86.96,177.11,70.0,260.53,97.74,348.12,138.51,430.98,182.54,510.29,221.67,591.9,253.67,677.59,287.53,761.58,330.0,841.08,371.44,913.8,432.51,976.82,512.99,1023.08,613.1,1040.82,710.09,1052.39,629.42,1122.62,552.08,1196.5,503.28,1287.23,480.46,1385.38,469.38,1484.96,479.13,1577.94,487.15,1675.0,519.83,1757.85,544.88,1852.29,591.91,1927.25,584.54,2011.2,543.61,2097.29,510.39,2193.07,547.0,2237.68,601.38,2180.29,649.06,2101.55,727.56,2083.15,809.02,2076.51,894.6,2071.51,965.8,2030.55,1026.37,1960.21,1086.18,1896.82,1126.08,1808.45,1155.67,1707.81,1187.98,1603.02,1217.55,1495.5,1252.22,1389.87,1293.78,1286.24,1344.13,1193.48
Papilio xuthus,10,1279.4,926.0,1323.96,982.43,1363.26,1045.36,1399.95,1110.7,1431.14,1178.8,1455.73,1249.52,1475.48,1321.79,1495.49,1392.53,1529.94,1451.08,1565.32,1494.41,1615.99,1527.98,1671.83,1546.42,1732.83,1559.15,1794.91,1570.62,1853.08,1584.61,1910.13,1610.4,1940.4,1598.4,1943.21,1561.49,1931.8,1510.33,1920.68,1448.61,1923.22,1383.3,1921.04,1319.74,1945.03,1262.91,1951.28,1194.18,1962.95,1128.36,1962.69,1061.51,1940.14,998.63,1915.48,937.29,1866.84,888.24,1817.7,840.2,1890.39,827.33,1963.75,805.28,2026.32,768.78,2073.13,710.05,2106.89,641.04,2137.83,576.2,2171.27,504.43,2206.06,436.3,2240.75,368.57,2280.13,301.7,2319.31,234.58,2338.5,162.03,2310.72,103.52,2248.95,68.7,2167.54,60.36,2086.21,70.15,2008.76,90.58,1936.29,120.16,1866.45,156.83,1799.48,196.4,1733.31,237.81,1666.87,283.98,1603.35,332.46,1542.54,384.81,1484.29,438.74,1428.11,496.33,1374.53,555.53,1324.36,618.72,1275.9,673.7,1138.5,673.3,1087.7,621.03,1034.9,560.79,980.12,500.94,921.66,445.65,860.08,392.6,796.78,342.76,731.18,296.64,664.22,252.58,595.13,212.36,526.45,174.82,454.68,142.63,380.55,112.69,304.24,92.6,222.59,85.56,140.73,94.57,76.71,133.21,59.09,199.84,87.01,271.79,128.74,338.53,171.15,403.81,209.3,472.05,244.39,540.59,280.57,608.44,312.35,679.22,349.33,746.9,400.42,806.25,466.41,846.2,547.64,857.44,616.4,865.7,564.77,910.7,516.69,962.1,488.5,1023.85,471.51,1088.82,468.89,1151.95,479.27,1220.45,489.06,1287.06,518.45,1345.54,523.65,1412.7,522.43,1475.52,513.72,1539.56,485.71,1603.36,480.22,1656.24,521.93,1635.71,574.41,1594.72,634.48,1565.82,702.11,1563.27,770.59,1574.94,829.31,1557.74,879.82,1511.52,923.48,1457.71,949.72,1389.76,964.32,1315.85,983.32,1244.15,1007.83,1174.66,1036.53,1106.99,1070.06,1041.71,1108.48,977.49,1151.1,922.7
Papilio zelicaon,31,1068.71,909.13,1113.08,953.39,1153.02,1008.3,1190.3,1064.78,1222.8,1123.21,1248.61,1184.54,1270.62,1247.58,1294.05,1309.32,1329.12,1362.84,1375.64,1403.15,1421.21,1441.56,1470.89,1452.07,1525.79,1436.96,1580.14,1419.0,1634.28,1426.63,1683.51,1457.52,1716.92,1475.1,1720.4,1442.0,1699.08,1387.09,1684.27,1329.45,1682.39,1268.8,1699.97,1209.64,1708.81,1147.38,1716.33,1086.59,1713.42,1025.19,1700.4,963.85,1677.64,905.48,1638.4,854.93,1588.73,813.8,1538.71,777.71,1604.48,767.3,1671.2,751.2,1730.08,719.66,1773.09,673.0,1805.0,615.82,1830.09,555.02,1851.63,490.9,1871.98,427.09,1892.6,362.05,1913.98,297.81,1933.94,232.83,1945.13,166.79,1933.72,105.19,1887.26,66.89,1817.04,61.38,1747.15,72.48,1681.32,95.51,1619.77,127.46,1560.79,165.03,1503.5,207.26,1448.78,251.58,1395.41,298.58,1343.31,347.26,1293.88,397.31,1247.36,448.37,1200.72,500.53,1154.91,554.41,1110.51,609.4,1068.61,661.87,938.48,661.52,894.57,612.68,850.62,557.57,804.39,503.64,757.22,450.96,709.22,399.4,659.83,349.28,607.76,300.39,554.44,254.23,500.14,210.25,443.69,168.98,384.83,131.41,323.29,99.17,257.69,75.61,187.76,63.93,116.35,68.79,66.76,106.41,57.87,171.16,72.5,237.91,94.35,301.89,115.91,366.48,136.43,430.7,158.47,494.41,178.43,558.61,204.02,618.77,235.18,676.72,278.53,725.15,338.84,754.97,407.42,768.69,472.52,778.13,420.35,816.16,368.82,857.59,329.88,910.09,301.89,968.99,291.58,1032.45,290.88,1095.44,298.49,1156.04,312.14,1214.51,325.63,1276.71,331.36,1335.18,313.94,1396.16,289.88,1455.33,286.79,1494.53,325.55,1472.52,369.97,1433.08,425.1,1423.62,480.63,1440.27,534.65,1455.8,585.67,1446.57,628.46,1404.55,675.16,1370.24,713.08,1320.41,735.37,1256.86,756.75,1192.43,782.14,1130.1,813.12,1069.59,849.94,1011.97,889.55,955.5,934.58,908.68
Parides agavus,3,764.33,759.67,785.55,810.67,801.93,868.17,821.55,925.2,844.6,980.6,874.64,1032.64,914.43,1078.84,966.74,1071.88,1002.98,1070.48,1038.27,1086.96,1072.22,1123.18,1112.42,1101.82,1150.48,1116.01,1187.17,1115.89,1228.76,1112.49,1276.42,1150.26,1318.84,1179.89,1334.36,1188.67,1335.46,1159.32,1293.84,1116.83,1248.92,1075.26,1216.55,1027.55,1204.31,975.11,1220.22,924.13,1224.43,874.95,1218.64,826.63,1209.05,776.47,1177.87,725.83,1148.28,675.95,1114.67,635.67,1165.88,628.0,1213.76,613.91,1241.88,574.85,1269.53,533.31,1289.44,486.23,1306.44,438.46,1321.02,389.32,1338.49,341.9,1358.66,294.96,1375.39,248.61,1390.82,200.33,1394.33,146.74,1380.91,97.91,1342.5,66.5,1290.94,61.0,1240.16,71.51,1193.21,92.4,1149.07,119.6,1109.41,148.92,1069.31,180.33,1032.67,216.33,995.85,254.62,960.44,293.56,924.78,333.22,890.2,373.14,860.48,415.38,833.44,456.56,806.31,500.93,777.0,540.67,678.33,540.0,648.63,505.29,621.26,462.26,592.88,421.08,560.11,381.45,527.42,343.13,494.44,306.44,457.74,269.41,420.79,232.99,383.27,199.56,342.6,169.6,301.64,142.71,258.74,118.41,213.58,98.44,164.58,85.47,112.9,88.38,70.83,110.51,53.63,155.96,53.33,207.06,65.61,255.6,84.05,302.34,102.48,348.14,122.44,394.25,139.36,440.2,155.67,487.36,174.82,533.8,201.21,575.91,229.35,616.29,272.27,638.65,321.0,648.67,289.11,693.51,262.03,739.8,240.02,792.22,222.01,837.57,219.57,887.56,229.41,935.03,244.14,980.66,239.72,1030.86,202.24,1074.43,157.9,1115.76,113.46,1155.21,92.01,1200.66,134.96,1194.71,176.63,1152.68,216.99,1109.01,266.64,1085.59,301.72,1123.03,335.43,1101.54,380.86,1100.86,421.65,1100.68,441.53,1051.12,486.82,1072.52,541.05,1087.64,583.98,1053.28,607.7,998.67,629.53,943.4,646.67,887.25,665.64,831.15,688.0,781.0
Parides eurimedes,17,1009.47,857.82,1031.22,891.63,1048.59,931.03,1064.92,970.94,1081.2,1011.78,1098.47,1051.37,1120.9,1083.32,1145.38,1115.98,1171.75,1146.55,1203.01,1173.51,1239.1,1194.7,1271.02,1218.89,1303.96,1233.72,1338.87,1232.0,1372.14,1228.42,1403.37,1209.4,1435.8,1188.86,1469.7,1172.81,1492.2,1141.77,1514.65,1111.99,1535.74,1078.7,1542.15,1038.54,1548.54,998.31,1551.49,957.31,1541.36,917.09,1525.27,879.27,1505.28,843.49,1480.02,809.89,1451.44,778.35,1427.18,745.88,1490.84,737.05,1553.5,723.56,1608.65,697.15,1652.16,657.53,1687.17,610.82,1720.43,555.91,1751.17,497.25,1776.38,437.52,1803.99,377.9,1832.49,319.54,1858.29,259.53,1874.02,199.9,1867.71,148.57,1823.22,111.26,1760.79,100.01,1696.45,105.53,1633.08,122.04,1571.54,145.65,1512.07,175.04,1455.36,207.41,1399.84,243.05,1345.61,279.38,1295.65,319.31,1243.87,361.95,1194.46,406.77,1148.34,454.27,1104.99,504.66,1065.0,557.9,1024.29,607.94,898.12,594.59,857.8,548.36,818.86,495.39,777.56,445.67,732.94,398.56,684.76,354.61,635.14,312.11,584.43,272.24,531.67,233.71,477.3,197.64,420.99,164.28,363.13,134.0,302.84,110.34,241.34,94.42,177.26,88.98,115.27,100.3,69.23,135.78,60.48,188.83,76.48,247.03,101.95,305.41,129.54,363.81,156.93,422.28,183.56,481.19,209.19,539.29,238.09,597.8,270.93,648.98,309.33,692.7,360.15,723.56,421.81,739.11,483.41,748.53,454.99,780.38,426.14,812.37,400.4,846.91,378.44,882.45,365.45,921.35,365.89,963.4,363.42,1003.47,374.49,1040.6,384.69,1078.7,401.06,1112.7,419.78,1145.33,444.25,1170.59,475.04,1187.98,504.65,1209.38,537.89,1223.96,572.98,1229.43,605.02,1231.44,638.38,1210.65,671.74,1186.24,706.05,1162.94,736.29,1136.61,763.76,1106.63,789.42,1076.28,812.99,1045.11,833.51,1006.71,852.34,967.74,870.79,927.95,889.89,889.32,913.29,856.29
Parides photinus,2,1575.5,1480.5,1596.64,1548.4,1615.21,1623.14,1670.53,1671.53,1699.14,1738.96,1725.47,1812.71,1777.04,1863.95,1844.21,1887.57,1908.14,1899.36,1959.98,1934.94,2007.75,1960.0,2074.42,1948.47,2125.4,1966.75,2170.44,2000.76,2175.81,1950.97,2188.07,1875.58,2260.46,1858.7,2323.32,1881.31,2328.4,1833.88,2308.28,1768.5,2332.39,1716.27,2382.41,1674.07,2392.07,1626.83,2363.94,1557.07,2407.91,1498.66,2402.64,1430.14,2351.23,1365.73,2332.51,1294.47,2291.93,1225.06,2235.5,1170.0,2319.7,1179.69,2395.11,1158.02,2463.53,1100.24,2512.5,1032.69,2572.11,964.43,2596.84,872.51,2642.15,793.35,2688.35,711.6,2727.42,627.92,2774.66,547.07,2801.79,470.01,2826.0,378.66,2827.0,284.93,2785.97,208.93,2692.48,177.5,2593.9,168.5,2494.53,181.0,2397.07,204.4,2306.12,238.4,2215.26,280.74,2128.94,332.93,2047.37,388.91,1967.31,447.46,1888.77,507.56,1812.9,570.1,1740.34,636.66,1674.35,713.15,1609.5,790.76,1548.5,859.5,1376.5,879.5,1310.62,809.24,1242.7,734.59,1170.0,662.5,1091.07,596.78,1013.09,537.09,930.43,482.13,844.43,426.61,757.92,375.12,667.98,326.98,572.28,289.5,475.09,254.73,373.02,232.7,275.01,226.56,177.05,242.0,91.02,285.84,62.6,374.91,77.07,469.07,111.29,557.46,154.0,639.22,210.64,708.73,257.83,792.51,308.8,875.37,356.91,952.91,407.73,1034.05,464.03,1106.15,537.9,1155.92,614.18,1174.54,705.67,1166.23,800.0,1161.5,734.71,1219.79,673.05,1280.45,644.22,1358.06,624.75,1438.42,577.53,1508.81,589.4,1584.65,634.0,1654.36,603.59,1735.81,655.26,1779.26,714.9,1820.94,705.84,1899.16,688.77,1968.33,755.85,1931.57,826.02,1930.95,855.68,2010.34,865.93,2084.3,901.0,2011.44,968.52,1971.83,1039.72,2018.33,1093.18,2010.4,1120.89,1947.67,1174.91,1889.05,1234.64,1850.14,1287.57,1800.28,1304.0,1719.96,1326.05,1643.59,1383.5,1589.34,1402.94,1513.56,1438.0,1445.5
Parnassius orleans,2,615.0,533.0,638.26,550.26,660.7,572.2,683.34,595.48,703.12,619.12,722.29,643.29,740.1,669.04,754.0,697.1,760.74,727.72,775.87,753.87,797.19,777.69,821.39,796.12,852.06,803.0,881.31,802.06,910.88,795.5,939.81,783.69,966.35,767.5,989.36,748.41,1008.41,724.59,1020.84,698.73,1028.0,668.7,1031.2,637.03,1029.5,604.57,1019.86,574.78,1005.25,553.75,984.48,529.69,962.9,507.98,939.34,489.6,912.53,472.9,890.0,456.0,929.03,451.5,967.81,444.69,1001.55,428.45,1031.23,402.77,1057.13,373.37,1075.85,339.53,1088.42,305.06,1095.93,267.59,1101.0,229.63,1100.0,189.69,1097.32,150.33,1092.53,113.9,1079.19,79.31,1050.24,58.14,1013.64,55.5,977.92,65.29,944.18,80.85,911.97,100.11,880.83,121.93,850.31,145.84,820.75,167.25,790.87,190.0,762.15,216.85,734.39,242.61,705.97,269.19,679.76,295.56,652.82,321.18,622.8,343.47,600.5,373.5,558.5,385.0,533.66,359.66,506.48,330.98,478.75,302.25,451.24,274.87,422.93,247.93,396.08,221.26,367.29,196.29,337.02,170.15,306.3,146.8,275.34,124.34,245.27,102.09,215.29,81.79,181.37,64.76,144.77,53.5,106.19,52.0,74.81,71.93,58.14,102.72,52.05,140.49,50.49,179.0,50.5,219.03,55.95,258.45,64.41,296.56,78.0,332.28,96.0,366.21,119.35,395.35,148.31,419.81,181.76,438.0,219.21,446.5,256.5,451.0,232.6,467.65,209.11,483.0,185.98,500.52,164.32,520.18,145.82,541.18,129.45,566.79,120.5,594.22,118.0,623.09,119.84,654.05,126.5,682.43,134.56,712.06,153.16,736.16,176.17,756.67,202.19,771.74,228.88,784.82,257.79,793.0,288.39,795.0,319.31,790.04,344.85,777.65,365.57,758.43,378.62,734.01,388.0,705.03,399.52,677.53,417.12,652.56,437.79,628.74,459.75,605.75,481.74,582.76,504.22,562.28,528.5,543.0
Parnassius smintheus,33,861.33,692.42,887.69,720.17,906.5,755.13,924.76,790.83,942.45,826.97,958.3,863.01,971.71,899.97,984.58,937.58,999.9,973.86,1018.52,1007.68,1046.44,1035.5,1080.98,1054.19,1119.25,1062.89,1158.68,1063.07,1197.58,1057.11,1234.01,1044.78,1268.67,1025.88,1299.3,1001.8,1325.53,972.32,1347.05,938.41,1362.72,901.0,1371.7,861.02,1374.36,820.26,1368.73,780.7,1355.11,743.89,1335.44,710.11,1310.97,678.97,1282.63,650.45,1251.95,624.24,1227.0,598.7,1275.11,594.8,1327.1,590.43,1374.13,576.03,1416.59,552.11,1454.05,520.69,1486.88,481.95,1513.62,438.54,1533.95,391.75,1548.37,342.01,1557.01,291.53,1562.18,241.62,1559.56,191.46,1546.46,146.33,1516.27,112.67,1470.71,97.16,1418.42,100.23,1368.21,114.62,1321.19,134.8,1276.05,157.56,1233.89,180.25,1190.61,205.58,1146.83,232.48,1102.89,261.5,1059.93,291.52,1017.35,322.88,976.05,352.64,934.3,384.64,892.57,416.73,851.09,445.85,758.64,438.88,717.19,408.53,675.69,374.39,634.84,341.26,595.62,313.18,554.73,280.89,512.45,248.14,469.06,216.92,426.38,187.59,382.96,159.95,338.62,133.63,291.45,109.13,243.62,89.76,197.31,78.4,150.44,76.32,109.01,87.9,78.48,117.24,62.69,161.72,60.94,209.76,62.93,259.72,70.34,308.51,83.53,358.22,101.53,405.45,122.54,447.76,150.59,484.41,185.57,518.81,225.87,544.07,272.08,560.67,323.94,568.32,372.67,575.58,344.84,600.2,312.23,625.06,281.87,651.68,255.68,682.18,233.96,716.26,219.26,753.24,214.03,794.07,216.08,833.86,223.98,873.39,237.97,910.43,258.3,945.27,284.52,975.86,314.76,1000.93,348.6,1021.18,383.67,1036.8,423.2,1044.49,463.25,1043.93,500.96,1034.78,536.34,1017.49,565.31,991.31,586.19,958.06,602.38,922.37,616.89,885.21,633.95,849.75,654.31,814.98,672.65,782.14,692.28,749.34,712.52,714.57,738.42,688.64
Pharmacophagus antenor,2,1229.5,974.0,1278.67,1028.82,1321.0,1095.45,1363.41,1162.17,1408.85,1225.92,1462.48,1283.48,1519.5,1330.99,1570.87,1390.48,1612.0,1455.19,1658.43,1512.28,1726.5,1512.85,1794.57,1517.31,1861.11,1495.38,1930.1,1482.6,1991.3,1534.8,2038.66,1597.17,2092.47,1643.24,2110.42,1589.17,2053.13,1532.13,1998.9,1474.65,1955.0,1410.5,1965.46,1339.54,1995.5,1278.31,1962.5,1211.06,1988.32,1140.23,1967.31,1071.73,1921.0,1014.1,1902.32,939.33,1847.83,884.83,1791.5,833.5,1853.02,795.98,1908.85,738.65,1966.92,686.82,2002.95,617.76,2046.07,550.93,2085.16,483.84,2124.82,417.29,2169.43,352.07,2215.82,289.18,2262.47,228.53,2296.44,158.61,2279.72,85.09,2209.0,56.0,2127.63,51.0,2051.89,65.5,1977.2,87.63,1910.48,124.5,1846.03,163.0,1784.2,205.81,1721.81,251.0,1658.23,294.72,1596.73,340.34,1535.91,388.59,1478.8,438.14,1427.22,490.6,1378.68,550.97,1325.13,604.37,1284.31,655.52,1241.5,713.5,1132.0,738.5,1090.86,673.21,1041.78,610.28,991.07,548.07,935.62,490.41,879.36,438.86,820.17,389.67,757.3,345.29,694.48,298.78,630.19,253.69,566.87,210.35,501.94,170.94,435.13,132.94,366.8,99.59,295.26,78.0,216.18,70.5,140.38,80.5,75.31,114.95,56.07,183.54,98.39,248.39,145.68,309.18,188.6,372.79,233.06,437.34,269.7,504.01,309.33,567.02,349.43,630.68,391.95,694.45,447.97,745.47,508.14,795.14,572.0,827.5,521.5,883.0,465.67,933.83,435.95,999.75,399.44,1065.56,368.32,1137.53,383.86,1199.89,378.14,1272.86,379.82,1340.32,416.14,1392.14,390.59,1464.41,344.66,1525.0,287.28,1579.22,253.5,1647.16,317.58,1637.42,368.0,1575.44,420.63,1514.06,490.87,1502.98,556.73,1529.77,626.97,1521.0,698.08,1522.92,747.82,1460.98,785.13,1389.4,840.67,1335.99,895.81,1287.19,941.6,1227.16,979.5,1156.94,1015.97,1085.53,1060.9,1020.49,1118.5,965.5
Protographium marcellus,13,963.69,818.38,997.46,881.28,1029.08,951.54,1057.64,1023.08,1086.62,1093.68,1120.65,1161.4,1157.74,1223.85,1200.23,1280.82,1256.4,1324.16,1319.61,1345.03,1378.85,1376.63,1428.4,1426.91,1473.21,1487.77,1517.22,1548.94,1564.06,1606.87,1615.89,1625.39,1596.69,1572.56,1552.57,1513.06,1508.3,1451.15,1466.87,1388.53,1427.47,1323.26,1404.92,1256.86,1409.19,1188.28,1418.23,1120.17,1425.92,1049.5,1439.15,980.38,1452.69,910.01,1450.02,837.61,1413.39,776.13,1368.54,720.0,1424.38,708.11,1477.9,685.18,1519.97,644.53,1551.05,595.4,1574.68,542.35,1595.8,488.07,1615.02,433.26,1635.79,378.88,1660.15,325.9,1685.69,273.71,1709.6,220.2,1724.7,162.59,1719.82,104.62,1680.17,68.88,1621.56,63.07,1562.55,71.15,1507.34,89.46,1454.07,112.46,1402.5,139.11,1352.59,168.31,1303.53,201.09,1255.9,235.8,1209.26,271.93,1164.51,307.17,1122.94,345.81,1081.7,386.22,1042.67,429.62,1007.38,476.21,972.46,521.85,855.0,516.46,817.24,474.83,778.63,431.17,739.69,390.13,696.31,351.58,651.95,313.49,605.94,278.08,558.87,243.76,511.07,210.59,461.67,180.71,411.18,152.15,359.28,127.12,306.33,105.63,250.36,89.61,190.33,82.73,130.94,88.68,93.0,126.6,94.78,184.93,113.47,238.92,140.39,290.51,166.21,342.1,190.84,393.78,211.66,447.2,232.66,499.7,254.04,553.01,277.28,605.93,308.01,655.61,346.58,698.81,399.4,722.19,456.15,732.23,409.37,789.87,377.24,853.74,374.5,928.22,394.43,994.73,406.09,1063.9,424.66,1129.57,426.17,1200.67,442.36,1260.03,421.73,1326.24,382.57,1391.07,340.7,1455.32,296.67,1516.14,251.83,1576.4,240.28,1630.07,292.8,1608.48,339.23,1552.06,381.58,1491.13,424.42,1430.92,475.35,1380.68,535.23,1349.39,601.12,1330.27,646.48,1279.45,682.87,1223.86,721.08,1161.22,752.47,1093.83,780.84,1022.78,807.9,950.42,836.01,878.44,866.85,811.92
Sericinus montela,11,856.27,630.27,896.3,686.34,930.95,750.26,961.96,814.19,989.48,880.84,1010.49,949.94,1038.53,1013.64,1088.92,1058.22,1148.27,1086.32,1214.16,1107.3,1274.31,1143.43,1325.25,1190.69,1373.92,1242.1,1421.34,1296.02,1465.16,1341.18,1493.18,1374.32,1497.24,1360.55,1469.11,1307.15,1430.42,1247.53,1398.94,1191.16,1369.8,1134.2,1346.57,1072.92,1337.53,1008.26,1349.0,946.02,1369.21,882.44,1379.12,817.27,1368.56,749.62,1336.58,690.85,1286.13,642.22,1233.64,597.45,1281.21,585.76,1331.17,574.77,1375.23,553.36,1413.8,525.08,1445.76,488.99,1471.68,447.3,1490.5,402.23,1507.48,354.42,1521.31,305.47,1532.79,255.46,1540.26,204.36,1537.64,154.29,1517.38,113.75,1479.63,89.73,1432.02,82.37,1382.51,90.36,1334.07,107.4,1288.75,128.48,1246.07,152.37,1202.3,178.85,1159.48,206.83,1118.15,233.76,1076.64,262.7,1035.69,292.67,996.79,324.94,959.89,360.17,925.22,397.88,891.54,436.86,857.18,473.82,787.64,467.91,753.93,433.76,722.41,395.62,690.09,357.51,656.61,321.4,620.47,287.44,582.76,256.01,542.86,225.28,502.05,196.35,461.8,168.7,421.09,141.13,378.4,115.25,336.75,92.47,291.61,74.2,244.47,62.61,195.71,62.19,153.37,78.0,127.69,116.84,121.48,165.95,127.34,216.81,136.7,266.13,147.72,314.16,159.31,361.66,174.89,407.93,195.53,452.33,221.39,493.58,252.88,528.77,292.36,556.54,337.81,574.26,384.27,586.09,337.49,629.48,288.82,677.41,257.52,733.07,248.16,798.2,255.43,862.13,276.8,920.17,288.02,983.37,276.54,1044.08,253.86,1101.07,228.29,1154.29,191.77,1208.37,152.84,1260.22,123.65,1307.8,131.53,1327.44,173.43,1297.02,221.46,1249.77,267.55,1200.42,314.26,1153.04,363.08,1108.48,415.69,1067.95,477.25,1051.37,534.79,1024.92,579.59,981.4,610.04,921.05,639.09,859.95,669.32,799.88,703.77,740.14,740.68,682.95,783.36,630.91
Teinopalpus imperialis,5,1050.6,988.4,1092.28,1043.73,1123.56,1108.68,1154.96,1174.07,1187.59,1236.93,1224.28,1297.28,1265.32,1356.36,1322.08,1392.74,1379.2,1430.75,1427.86,1449.03,1485.77,1433.8,1554.21,1421.51,1618.21,1447.56,1674.02,1492.74,1716.41,1527.02,1764.06,1565.87,1801.32,1564.14,1776.37,1523.37,1743.5,1471.38,1698.39,1413.79,1668.14,1351.67,1650.4,1285.63,1644.74,1218.28,1668.28,1159.3,1674.12,1102.42,1677.08,1038.92,1673.34,981.68,1629.08,930.55,1572.51,890.46,1527.2,851.0,1594.17,847.2,1661.15,829.53,1713.82,793.26,1743.44,731.41,1756.12,659.84,1764.07,586.74,1769.8,513.62,1779.8,441.1,1790.7,369.64,1805.98,300.22,1828.92,232.73,1851.42,165.51,1861.68,100.87,1818.98,59.7,1747.43,53.41,1676.1,58.85,1608.92,78.15,1545.27,108.43,1487.09,146.08,1430.61,190.4,1378.31,238.29,1327.92,289.17,1280.28,342.12,1237.92,399.24,1197.58,457.49,1160.77,518.2,1123.97,577.88,1084.81,638.35,1043.2,693.6,893.0,697.4,848.39,657.33,810.19,598.64,770.92,537.85,731.83,478.39,690.77,419.49,645.59,363.45,596.38,311.53,543.71,262.5,488.87,217.79,432.51,175.71,370.79,139.5,304.37,111.43,234.47,95.27,159.48,90.4,94.54,106.03,57.36,151.54,71.94,219.44,96.2,285.81,116.83,352.9,135.8,422.03,148.31,494.23,158.08,565.84,171.68,637.2,184.42,707.45,205.64,772.12,239.24,826.72,294.6,864.87,363.46,876.4,430.2,886.4,377.84,933.31,325.4,981.89,287.21,1037.11,288.58,1096.91,280.56,1161.0,305.15,1215.9,307.9,1280.26,316.98,1345.83,289.28,1412.57,266.85,1476.23,225.01,1538.99,179.32,1596.65,164.17,1636.87,196.88,1609.6,245.35,1560.75,299.87,1518.79,357.38,1482.67,421.48,1472.14,490.16,1467.98,546.22,1500.6,597.58,1459.64,660.51,1427.77,711.97,1377.23,752.84,1313.89,786.75,1247.24,817.56,1179.43,846.51,1111.01,874.07,1041.9,909.6,981.6
Trogonoptera brookiana,254,679.22,598.87,690.16,612.15,699.5,628.03,710.1,642.74,722.31,656.29,735.54,669.24,749.11,682.1,762.45,695.37,775.6,709.19,789.87,722.11,805.85,732.38,823.06,740.42,840.28,745.75,857.91,745.68,874.13,738.61,889.88,728.89,904.31,717.22,916.51,703.24,928.99,689.66,940.66,675.42,949.68,659.18,958.31,642.66,965.94,625.64,969.75,607.74,970.77,589.65,967.84,571.89,960.46,555.36,949.18,540.12,935.9,526.16,923.57,512.67,965.7,506.86,1007.4,494.23,1038.18,464.8,1062.3,428.13,1085.2,390.59,1106.87,352.55,1129.35,315.02,1152.2,277.84,1176.24,241.14,1199.24,203.64,1220.21,165.18,1235.71,124.22,1237.4,80.8,1212.31,50.44,1168.43,46.36,1124.75,55.88,1084.28,72.18,1045.54,93.11,1008.41,117.0,972.31,143.46,937.39,171.67,903.53,201.28,870.44,231.65,838.42,262.02,806.28,292.51,774.65,323.46,743.77,355.77,713.69,388.51,682.92,417.93,609.58,417.31,578.16,389.12,548.11,356.17,516.97,323.77,485.11,292.61,453.29,262.29,421.1,231.84,388.26,201.32,354.25,171.49,319.25,143.09,283.32,116.35,246.08,91.87,207.29,70.41,166.65,53.49,122.98,43.38,78.46,46.76,52.57,76.73,54.26,120.48,69.32,161.66,90.26,200.48,113.25,238.22,137.28,275.41,160.58,312.83,183.14,350.72,204.98,388.83,227.79,426.5,251.62,463.33,282.21,493.49,323.97,506.44,367.01,511.8,354.78,525.42,341.16,539.39,329.75,554.71,322.61,571.52,319.66,589.35,320.32,607.82,324.45,625.72,331.95,642.85,340.65,659.48,349.81,675.77,361.42,690.35,373.96,704.0,386.6,717.63,401.02,729.31,416.89,739.28,433.4,746.11,450.87,745.93,468.5,740.18,485.56,731.89,501.58,721.34,515.94,708.59,529.35,694.99,542.82,682.04,556.39,668.9,569.69,655.99,581.76,642.44,592.31,627.37,601.28,611.46,612.98,599.68
Troides rhadamantus,9,784.0,715.78,795.85,735.1,806.05,758.37,815.22,782.19,826.02,805.37,836.66,827.64,849.71,849.29,864.95,869.63,881.9,889.57,897.99,909.28,912.85,929.22,929.16,948.09,950.08,953.84,972.61,948.8,993.19,936.11,1011.39,918.71,1029.3,900.3,1048.98,885.16,1064.98,866.26,1081.8,848.38,1096.95,829.22,1106.12,805.93,1118.83,784.32,1126.78,760.94,1128.69,735.84,1128.4,711.42,1120.58,688.97,1107.28,667.35,1092.33,647.02,1083.78,627.56,1134.61,629.11,1185.06,619.42,1223.14,587.44,1252.02,545.38,1276.91,500.5,1299.82,455.4,1320.7,409.29,1345.78,365.21,1373.23,323.2,1401.49,279.66,1425.73,234.63,1444.71,186.78,1451.1,135.54,1427.83,94.51,1381.86,79.88,1329.11,82.9,1279.59,96.27,1232.98,115.49,1188.04,139.35,1144.18,165.59,1102.78,193.79,1061.99,223.51,1021.94,255.62,982.42,286.99,942.58,317.99,906.98,351.49,868.69,386.53,832.32,422.75,795.33,456.44,698.56,458.33,663.69,423.59,629.7,387.4,593.61,350.22,558.76,316.28,519.49,282.43,480.86,248.96,441.89,215.98,402.2,183.91,360.64,153.33,317.36,125.43,272.51,99.73,226.38,78.61,177.34,63.6,125.65,57.34,75.67,67.46,51.87,108.8,57.53,160.7,73.66,210.15,96.34,255.81,122.32,298.96,149.02,342.08,173.64,387.32,192.26,434.26,214.13,481.18,238.31,527.06,262.11,571.98,298.79,606.58,349.49,618.27,401.78,619.44,392.92,638.55,377.51,657.66,363.4,677.36,353.55,699.21,350.29,723.37,352.61,748.39,357.12,773.31,367.34,796.28,379.04,817.88,389.93,839.32,406.46,857.88,422.66,876.78,440.15,893.83,458.02,911.54,475.92,928.55,497.72,938.16,518.59,943.61,540.76,940.74,559.35,929.3,576.41,912.17,594.02,892.37,610.77,872.52,626.64,852.39,642.09,831.87,654.61,810.16,666.18,787.76,676.22,763.98,685.67,740.43,695.89,722.56
